order_book_id,symbol,eng_symbol,stock_connect,listed_date,de_listed_date,status,round_lot,board_type,selection_date
00001.XHKG,长和,CKH HOLDINGS,"['sh', 'sz']",1972-11-01,0000-00-00,Active,500.0,MainBoard,2026-05-21
00002.XHKG,中电控股,CLP HOLDINGS,"['sh', 'sz']",1980-01-02,0000-00-00,Active,500.0,MainBoard,2026-05-21
00003.XHKG,香港中华煤气,HK & CHINA GAS,"['sh', 'sz']",1960-04-11,0000-00-00,Active,1000.0,MainBoard,2026-05-21
00004.XHKG,九龙仓集团,WHARF HOLDINGS,"['sh', 'sz']",1921-01-01,0000-00-00,Active,1000.0,MainBoard,2026-05-21
00005.XHKG,汇丰控股,HSBC HOLDINGS,"['sh', 'sz']",1980-01-02,0000-00-00,Active,400.0,MainBoard,2026-05-21
00006.XHKG,电能实业,POWER ASSETS,"['sh', 'sz']",1976-08-16,0000-00-00,Active,500.0,MainBoard,2026-05-21
00008.XHKG,电讯盈科,PCCW,"['sh', 'sz']",1994-10-18,0000-00-00,Active,1000.0,MainBoard,2026-05-21
00010.XHKG,恒隆集团,HANG LUNG GROUP,"['sh', 'sz']",1972-10-12,0000-00-00,Active,1000.0,MainBoard,2026-05-21
00012.XHKG,恒基地产,HENDERSON LAND,"['sh', 'sz']",1981-07-23,0000-00-00,Active,1000.0,MainBoard,2026-05-21
00013.XHKG,和黄医药,HUTCHMED,"['sh', 'sz']",2021-06-30,0000-00-00,Active,500.0,MainBoard,2026-05-21
00014.XHKG,希慎兴业,HYSAN DEV,"['sh', 'sz']",1981-09-18,0000-00-00,Active,1000.0,MainBoard,2026-05-21
00016.XHKG,新鸿基地产,SHK PPT,"['sh', 'sz']",1972-09-08,0000-00-00,Active,500.0,MainBoard,2026-05-21
00017.XHKG,新世界发展,NEW WORLD DEV,"['sh', 'sz']",1972-11-23,0000-00-00,Active,1000.0,MainBoard,2026-05-21
00019.XHKG,太古股份公司A,SWIRE PACIFIC A,"['sh', 'sz']",1959-04-14,0000-00-00,Active,500.0,MainBoard,2026-05-21
00020.XHKG,商汤-W,SENSETIME-W,"['sh', 'sz']",2021-12-30,0000-00-00,Active,1000.0,MainBoard,2026-05-21
00023.XHKG,东亚银行,BANK OF E ASIA,"['sh', 'sz']",1921-01-01,0000-00-00,Active,200.0,MainBoard,2026-05-21
00027.XHKG,银河娱乐,GALAXY ENT,"['sh', 'sz']",1991-10-07,0000-00-00,Active,1000.0,MainBoard,2026-05-21
00035.XHKG,远东发展,FE CONSORT INTL,['sz'],1972-09-21,0000-00-00,Active,1000.0,MainBoard,2026-05-21
00038.XHKG,第一拖拉机股份,FIRST TRACTOR,"['sh', 'sz']",1997-06-23,0000-00-00,Active,2000.0,MainBoard,2026-05-21
00041.XHKG,鹰君,GREAT EAGLE H,"['sh', 'sz']",1972-10-26,0000-00-00,Active,1000.0,MainBoard,2026-05-21
00042.XHKG,东北电气,NE ELECTRIC,['sz'],1995-07-06,0000-00-00,Active,2000.0,MainBoard,2026-05-21
00045.XHKG,大酒店,HK&S HOTELS,"['sh', 'sz']",1921-01-01,0000-00-00,Active,500.0,MainBoard,2026-05-21
00059.XHKG,天誉置业,SKYFAME REALTY,['sz'],1993-11-16,0000-00-00,Active,2000.0,MainBoard,2026-05-21
00066.XHKG,港铁公司,MTR CORPORATION,"['sh', 'sz']",2000-10-05,0000-00-00,Active,500.0,MainBoard,2026-05-21
00069.XHKG,香格里拉(亚洲),SHANGRI-LA ASIA,"['sh', 'sz']",1993-06-17,0000-00-00,Active,2000.0,MainBoard,2026-05-21
00078.XHKG,REGALINT'L,REGAL INT'L,['sz'],1980-11-03,0000-00-00,Active,2000.0,MainBoard,2026-05-21
00081.XHKG,中国海外宏洋集团,CH OVS G OCEANS,"['sh', 'sz']",1984-04-26,0000-00-00,Active,1000.0,MainBoard,2026-05-21
00083.XHKG,信和置业,SINO LAND,"['sh', 'sz']",1981-04-08,0000-00-00,Active,2000.0,MainBoard,2026-05-21
00086.XHKG,新鸿基公司,SUN HUNG KAI CO,"['sh', 'sz']",1983-10-03,0000-00-00,Active,1000.0,MainBoard,2026-05-21
00087.XHKG,太古股份公司B,SWIRE PACIFIC B,"['sh', 'sz']",1973-05-01,0000-00-00,Active,2500.0,MainBoard,2026-05-21
00095.XHKG,绿景中国地产,LVGEM CHINA,"['sh', 'sz']",2005-12-02,0000-00-00,Active,2000.0,MainBoard,2026-05-21
00101.XHKG,恒隆地产,HANG LUNG PPT,"['sh', 'sz']",1954-01-01,0000-00-00,Active,1000.0,MainBoard,2026-05-21
00107.XHKG,四川成渝高速公路,SICHUAN EXPRESS,"['sh', 'sz']",1997-10-07,0000-00-00,Active,2000.0,MainBoard,2026-05-21
00116.XHKG,周生生,CHOW SANG SANG,"['sh', 'sz']",1973-04-06,0000-00-00,Active,1000.0,MainBoard,2026-05-21
00119.XHKG,保利置业集团,POLY PROPERTY,"['sh', 'sz']",1973-08-30,0000-00-00,Active,1000.0,MainBoard,2026-05-21
00120.XHKG,COSMOPOLINT'L,COSMOPOL INT'L,"['sh', 'sz']",1989-11-01,0000-00-00,Active,600.0,MainBoard,2026-05-21
00123.XHKG,越秀地产,YUEXIU PROPERTY,"['sh', 'sz']",1992-12-15,0000-00-00,Active,1000.0,MainBoard,2026-05-21
00127.XHKG,华人置业,CHINESE EST H,"['sh', 'sz']",1921-01-01,0000-00-00,Active,500.0,MainBoard,2026-05-21
00135.XHKG,昆仑能源,KUNLUN ENERGY,"['sh', 'sz']",1973-03-13,0000-00-00,Active,2000.0,MainBoard,2026-05-21
00136.XHKG,中国儒意,CHINA RUYI,"['sh', 'sz']",1997-09-25,0000-00-00,Active,4000.0,MainBoard,2026-05-21
00142.XHKG,第一太平,FIRST PACIFIC,"['sh', 'sz']",1988-09-12,0000-00-00,Active,2000.0,MainBoard,2026-05-21
00144.XHKG,招商局港口,CHINA MER PORT,"['sh', 'sz']",1992-07-15,0000-00-00,Active,2000.0,MainBoard,2026-05-21
00148.XHKG,建滔集团,KINGBOARD HLDG,"['sh', 'sz']",1993-10-08,0000-00-00,Active,500.0,MainBoard,2026-05-21
00151.XHKG,中国旺旺,WANT WANT CHINA,"['sh', 'sz']",2008-03-26,0000-00-00,Active,1000.0,MainBoard,2026-05-21
00152.XHKG,深圳国际,SHENZHEN INT'L,"['sh', 'sz']",1972-09-25,0000-00-00,Active,500.0,MainBoard,2026-05-21
00163.XHKG,英皇国际,EMPEROR INT'L,['sz'],1972-11-14,0000-00-00,Active,10000.0,MainBoard,2026-05-21
00165.XHKG,中国光大控股,CHINA EB LTD,"['sh', 'sz']",1973-02-26,0000-00-00,Active,2000.0,MainBoard,2026-05-21
00168.XHKG,青岛啤酒股份,TSINGTAO BREW,"['sh', 'sz']",1993-07-15,0000-00-00,Active,2000.0,MainBoard,2026-05-21
00173.XHKG,嘉华国际,K. WAH INT'L,"['sh', 'sz']",1987-02-06,0000-00-00,Active,1000.0,MainBoard,2026-05-21
00175.XHKG,吉利汽车,GEELY AUTO,"['sh', 'sz']",1973-02-23,0000-00-00,Active,1000.0,MainBoard,2026-05-21
00177.XHKG,江苏宁沪高速公路,JIANGSU EXPRESS,"['sh', 'sz']",1997-06-27,0000-00-00,Active,2000.0,MainBoard,2026-05-21
00178.XHKG,莎莎国际,SA SA INT'L,"['sh', 'sz']",1997-06-13,0000-00-00,Active,2000.0,MainBoard,2026-05-21
00179.XHKG,德昌电机控股,JOHNSON ELEC H,"['sh', 'sz']",1984-07-11,0000-00-00,Active,500.0,MainBoard,2026-05-21
00185.XHKG,正商实业,ZENSUN ENT,"['sh', 'sz']",1972-12-20,0000-00-00,Active,1000.0,MainBoard,2026-05-21
00187.XHKG,京城机电股份,JINGCHENG MAC,"['sh', 'sz']",1993-08-06,0000-00-00,Active,2000.0,MainBoard,2026-05-21
00189.XHKG,东岳集团,DONGYUE GROUP,"['sh', 'sz']",2007-12-10,0000-00-00,Active,1000.0,MainBoard,2026-05-21
00200.XHKG,新濠国际发展,MELCO INT'L DEV,"['sh', 'sz']",1981-08-13,0000-00-00,Active,1000.0,MainBoard,2026-05-21
00215.XHKG,和记电讯香港,HUTCHTEL HK,"['sh', 'sz']",2009-05-08,0000-00-00,Active,2000.0,MainBoard,2026-05-21
00220.XHKG,统一企业中国,U-PRESID CHINA,"['sh', 'sz']",2007-12-17,0000-00-00,Active,1000.0,MainBoard,2026-05-21
00241.XHKG,阿里健康,ALI HEALTH,"['sh', 'sz']",1972-07-06,0000-00-00,Active,2000.0,MainBoard,2026-05-21
00242.XHKG,信德集团,SHUN TAK HOLD,"['sh', 'sz']",1973-01-25,0000-00-00,Active,2000.0,MainBoard,2026-05-21
00245.XHKG,中薇金融,CHINA VERED FIN,"['sh', 'sz']",1972-08-25,0000-00-00,Active,5000.0,MainBoard,2026-05-21
00256.XHKG,冠城钟表珠宝,CITYCHAMP,"['sh', 'sz']",1991-12-10,0000-00-00,Active,2000.0,MainBoard,2026-05-21
00257.XHKG,光大环境,EB ENVIRONMENT,"['sh', 'sz']",1973-01-01,0000-00-00,Active,1000.0,MainBoard,2026-05-21
00267.XHKG,中信股份,CITIC,"['sh', 'sz']",1986-02-26,0000-00-00,Active,1000.0,MainBoard,2026-05-21
00268.XHKG,金蝶国际,KINGDEE INT'L,"['sh', 'sz']",2005-07-20,0000-00-00,Active,1000.0,MainBoard,2026-05-21
00270.XHKG,粤海投资,GUANGDONG INV,"['sh', 'sz']",1973-01-05,0000-00-00,Active,2000.0,MainBoard,2026-05-21
00272.XHKG,瑞安房地产,SHUI ON LAND,"['sh', 'sz']",2006-10-04,0000-00-00,Active,500.0,MainBoard,2026-05-21
00279.XHKG,裕承科金,ARTA TECHFIN,['sz'],1988-05-11,0000-00-00,Active,6000.0,MainBoard,2026-05-21
00285.XHKG,比亚迪电子,BYD ELECTRONIC,"['sh', 'sz']",2007-12-20,0000-00-00,Active,500.0,MainBoard,2026-05-21
00288.XHKG,万洲国际,WH GROUP,"['sh', 'sz']",2014-08-05,0000-00-00,Active,500.0,MainBoard,2026-05-21
00290.XHKG,国富量子(五百),GOFINTECH QUANT,"['sh', 'sz']",2001-05-03,0000-00-00,Active,500.0,MainBoard,2026-05-21
00291.XHKG,华润啤酒,CHINA RES BEER,"['sh', 'sz']",1973-11-15,0000-00-00,Active,500.0,MainBoard,2026-05-21
00293.XHKG,国泰航空,CATHAY PAC AIR,"['sh', 'sz']",1986-05-14,0000-00-00,Active,1000.0,MainBoard,2026-05-21
00295.XHKG,江山控股,KONG SUN HOLD,['sz'],1970-11-28,0000-00-00,Active,25000.0,MainBoard,2026-05-21
00297.XHKG,中化化肥,SINOFERT,"['sh', 'sz']",1996-09-30,0000-00-00,Active,2000.0,MainBoard,2026-05-21
00300.XHKG,美的集团,MIDEA GROUP,"['sh', 'sz']",2024-09-17,0000-00-00,Active,100.0,MainBoard,2026-05-21
00302.XHKG,中手游,CMGE,"['sh', 'sz']",2019-10-31,0000-00-00,Active,2000.0,MainBoard,2026-05-21
00303.XHKG,VTECHHOLDINGS,VTECH HOLDINGS,"['sh', 'sz']",1992-11-05,0000-00-00,Active,100.0,MainBoard,2026-05-21
00308.XHKG,香港中旅,CHINA TRAVEL HK,"['sh', 'sz']",1992-11-11,0000-00-00,Active,2000.0,MainBoard,2026-05-21
00314.XHKG,思派健康,SIPAI HEALTH,"['sh', 'sz']",2022-12-23,0000-00-00,Active,200.0,MainBoard,2026-05-21
00315.XHKG,数码通电讯,SMARTONE TELE,"['sh', 'sz']",1996-10-31,0000-00-00,Active,500.0,MainBoard,2026-05-21
00316.XHKG,东方海外国际,OOIL,"['sh', 'sz']",1992-07-31,0000-00-00,Active,500.0,MainBoard,2026-05-21
00317.XHKG,中船防务,COMEC,"['sh', 'sz']",1993-08-06,0000-00-00,Active,2000.0,MainBoard,2026-05-21
00321.XHKG,德永佳集团,TEXWINCA HOLD,['sz'],1992-08-06,0000-00-00,Active,2000.0,MainBoard,2026-05-21
00322.XHKG,康师傅控股,TINGYI,"['sh', 'sz']",1996-02-05,0000-00-00,Active,2000.0,MainBoard,2026-05-21
00323.XHKG,马鞍山钢铁股份,MAANSHAN IRON,"['sh', 'sz']",1993-11-03,0000-00-00,Active,2000.0,MainBoard,2026-05-21
00325.XHKG,布鲁可,BLOKS,"['sh', 'sz']",2025-01-10,0000-00-00,Active,300.0,MainBoard,2026-05-21
00327.XHKG,百富环球,PAX GLOBAL,"['sh', 'sz']",2010-12-20,0000-00-00,Active,1000.0,MainBoard,2026-05-21
00330.XHKG,思捷环球,ESPRIT HOLDINGS,"['sh', 'sz']",1993-12-09,0000-00-00,Active,10000.0,MainBoard,2026-05-21
00336.XHKG,华宝国际,HUABAO INTL,"['sh', 'sz']",1992-01-22,0000-00-00,Active,1000.0,MainBoard,2026-05-21
00337.XHKG,绿地香港,GREENLAND HK,['sz'],2006-10-10,0000-00-00,Active,1000.0,MainBoard,2026-05-21
00338.XHKG,上海石油化工股份,SHANGHAI PECHEM,"['sh', 'sz']",1993-07-26,0000-00-00,Active,2000.0,MainBoard,2026-05-21
00341.XHKG,大家乐集团,CAFE DE CORAL H,"['sh', 'sz']",1986-07-16,0000-00-00,Active,2000.0,MainBoard,2026-05-21
00345.XHKG,VITASOYINT'L,VITASOY INT'L,"['sh', 'sz']",1994-03-30,0000-00-00,Active,2000.0,MainBoard,2026-05-21
00347.XHKG,鞍钢股份,ANGANG STEEL,"['sh', 'sz']",1997-07-24,0000-00-00,Active,2000.0,MainBoard,2026-05-21
00354.XHKG,中国软件国际,CHINASOFT INT'L,"['sh', 'sz']",2008-12-29,0000-00-00,Active,2000.0,MainBoard,2026-05-21
00358.XHKG,江西铜业股份,JIANGXI COPPER,"['sh', 'sz']",1997-06-12,0000-00-00,Active,1000.0,MainBoard,2026-05-21
00363.XHKG,上海实业控股,SHANGHAI IND H,"['sh', 'sz']",1996-05-30,0000-00-00,Active,1000.0,MainBoard,2026-05-21
00368.XHKG,德合集团,SUPERLAND GROUP,['sz'],2020-07-17,0000-00-00,Active,4000.0,MainBoard,2026-05-21
00371.XHKG,北控水务集团,BJ ENT WATER,"['sh', 'sz']",1993-04-19,0000-00-00,Active,2000.0,MainBoard,2026-05-21
00384.XHKG,中国燃气,CHINA GAS HOLD,"['sh', 'sz']",1995-10-20,0000-00-00,Active,200.0,MainBoard,2026-05-21
00386.XHKG,中国石油化工股份,SINOPEC CORP,"['sh', 'sz']",2000-10-19,0000-00-00,Active,2000.0,MainBoard,2026-05-21
00388.XHKG,香港交易所,HKEX,"['sh', 'sz']",2000-06-27,0000-00-00,Active,100.0,MainBoard,2026-05-21
00390.XHKG,中国中铁,CHINA RAILWAY,"['sh', 'sz']",2007-12-07,0000-00-00,Active,1000.0,MainBoard,2026-05-21
00392.XHKG,北京控股,BEIJING ENT,"['sh', 'sz']",1997-05-29,0000-00-00,Active,500.0,MainBoard,2026-05-21
00400.XHKG,硬蛋创新,INGDAN,"['sh', 'sz']",2014-07-18,0000-00-00,Active,1000.0,MainBoard,2026-05-21
00410.XHKG,SOHO中国,SOHO CHINA,"['sh', 'sz']",2007-10-08,0000-00-00,Active,500.0,MainBoard,2026-05-21
00412.XHKG,山高控股,SDHG,"['sh', 'sz']",1992-04-15,0000-00-00,Active,1000.0,MainBoard,2026-05-21
00419.XHKG,弘毅文化集团,HONY MEDIA,['sz'],1987-07-08,0000-00-00,Active,10000.0,MainBoard,2026-05-21
00425.XHKG,敏实集团,MINTH GROUP,"['sh', 'sz']",2005-12-01,0000-00-00,Active,100.0,MainBoard,2026-05-21
00439.XHKG,瀚源控股,GENESIS SCALE,"['sh', 'sz']",1992-03-11,0000-00-00,Active,2000.0,MainBoard,2026-05-21
00440.XHKG,大新金融,DAH SING,"['sh', 'sz']",1987-11-05,0000-00-00,Active,400.0,MainBoard,2026-05-21
00451.XHKG,协鑫新能源,GCL NEWENERGY,['sz'],1992-03-25,0000-00-00,Active,2000.0,MainBoard,2026-05-21
00460.XHKG,四环医药,SIHUAN PHARM,"['sh', 'sz']",2010-10-28,0000-00-00,Active,1000.0,MainBoard,2026-05-21
00467.XHKG,联合能源集团,UNITEDENERGY GP,"['sh', 'sz']",1992-04-08,0000-00-00,Active,2000.0,MainBoard,2026-05-21
00468.XHKG,纷美包装,GAPACK,['sz'],2010-12-09,0000-00-00,Active,1000.0,MainBoard,2026-05-21
00470.XHKG,先导智能,WUXI LEAD,"['sh', 'sz']",2026-02-11,0000-00-00,Active,100.0,MainBoard,2026-05-21
00480.XHKG,香港兴业国际,HKR INT'L,['sz'],1988-03-11,0000-00-00,Active,800.0,MainBoard,2026-05-21
00488.XHKG,丽新发展,LAI SUN DEV,['sz'],1988-03-11,0000-00-00,Active,300.0,MainBoard,2026-05-21
00493.XHKG,国美零售,GOME RETAIL,"['sh', 'sz']",1992-04-15,0000-00-00,Active,1000.0,MainBoard,2026-05-21
00496.XHKG,卡森国际,KASEN,['sz'],2005-10-20,0000-00-00,Active,1000.0,MainBoard,2026-05-21
00501.XHKG,豪威集团,OMNIVISION,"['sh', 'sz']",2026-01-12,0000-00-00,Active,100.0,MainBoard,2026-05-21
00506.XHKG,中国食品,CHINA FOODS,"['sh', 'sz']",1988-10-07,0000-00-00,Active,2000.0,MainBoard,2026-05-21
00508.XHKG,鼎亿集团投资,DINGYI GP INV,['sz'],1988-10-26,0000-00-00,Active,5000.0,MainBoard,2026-05-21
00511.XHKG,电视广播,TVB,"['sh', 'sz']",1988-11-23,0000-00-00,Active,100.0,MainBoard,2026-05-21
00512.XHKG,远大医药,GRANDPHARMA,"['sh', 'sz']",1995-12-19,0000-00-00,Active,500.0,MainBoard,2026-05-21
00517.XHKG,中远海运国际,COSCO SHIP INTL,['sz'],1992-02-11,0000-00-00,Active,2000.0,MainBoard,2026-05-21
00520.XHKG,呷哺呷哺,XIABUXIABU,"['sh', 'sz']",2014-12-17,0000-00-00,Active,500.0,MainBoard,2026-05-21
00522.XHKG,ASMPT,ASMPT,"['sh', 'sz']",1989-01-03,0000-00-00,Active,100.0,MainBoard,2026-05-21
00525.XHKG,广深铁路股份,GUANGSHEN RAIL,"['sh', 'sz']",1996-05-14,0000-00-00,Active,2000.0,MainBoard,2026-05-21
00535.XHKG,金地商置,GEMDALE PPT,"['sh', 'sz']",1989-10-16,0000-00-00,Active,2000.0,MainBoard,2026-05-21
00546.XHKG,阜丰集团,FUFENG GROUP,"['sh', 'sz']",2007-02-08,0000-00-00,Active,1000.0,MainBoard,2026-05-21
00547.XHKG,数字王国,DIGITAL DOMAIN,['sz'],1992-07-06,0000-00-00,Active,5000.0,MainBoard,2026-05-21
00548.XHKG,深圳高速公路股份,SHENZHENEXPRESS,"['sh', 'sz']",1997-03-12,0000-00-00,Active,2000.0,MainBoard,2026-05-21
00551.XHKG,裕元集团,YUE YUEN IND,"['sh', 'sz']",1992-07-02,0000-00-00,Active,500.0,MainBoard,2026-05-21
00552.XHKG,中国通信服务,CHINACOMSERVICE,"['sh', 'sz']",2006-12-08,0000-00-00,Active,2000.0,MainBoard,2026-05-21
00553.XHKG,南京熊猫电子股份,NANJING PANDA,"['sh', 'sz']",1996-05-02,0000-00-00,Active,2000.0,MainBoard,2026-05-21
00558.XHKG,力劲科技,LK TECH,"['sh', 'sz']",2006-10-16,0000-00-00,Active,2500.0,MainBoard,2026-05-21
00563.XHKG,上实城市开发,SH IND URBAN,['sz'],1993-09-10,0000-00-00,Active,2000.0,MainBoard,2026-05-21
00564.XHKG,中创智领,ZCZL,"['sh', 'sz']",2012-12-05,0000-00-00,Active,200.0,MainBoard,2026-05-21
00568.XHKG,山东墨龙,SHANDONG MOLONG,"['sh', 'sz']",2007-02-07,0000-00-00,Active,400.0,MainBoard,2026-05-21
00570.XHKG,中国中药,TRAD CHI MED,"['sh', 'sz']",1993-04-07,0000-00-00,Active,2000.0,MainBoard,2026-05-21
00576.XHKG,浙江沪杭甬,ZHEJIANGEXPRESS,"['sh', 'sz']",1997-05-15,0000-00-00,Active,2000.0,MainBoard,2026-05-21
00579.XHKG,京能清洁能源,JNCEC,['sz'],2011-12-22,0000-00-00,Active,2000.0,MainBoard,2026-05-21
00581.XHKG,中国东方集团,CHINA ORIENTAL,"['sh', 'sz']",2004-03-02,0000-00-00,Active,2000.0,MainBoard,2026-05-21
00582.XHKG,神话世界,SHIN HWA WORLD,"['sh', 'sz']",2002-04-30,0000-00-00,Active,6000.0,MainBoard,2026-05-21
00586.XHKG,海螺创业,CONCH VENTURE,"['sh', 'sz']",2013-12-19,0000-00-00,Active,500.0,MainBoard,2026-05-21
00587.XHKG,海螺环保,CONCH ENVIRO,"['sh', 'sz']",2022-03-30,0000-00-00,Active,500.0,MainBoard,2026-05-21
00588.XHKG,北京北辰实业股份,BEIJING N STAR,"['sh', 'sz']",1997-05-14,0000-00-00,Active,2000.0,MainBoard,2026-05-21
00590.XHKG,六福集团,LUK FOOK HOLD,"['sh', 'sz']",1997-05-06,0000-00-00,Active,1000.0,MainBoard,2026-05-21
00598.XHKG,中国外运,SINOTRANS,"['sh', 'sz']",2003-02-13,0000-00-00,Active,1000.0,MainBoard,2026-05-21
00604.XHKG,深圳控股,SHENZHEN INVEST,"['sh', 'sz']",1997-03-07,0000-00-00,Active,2000.0,MainBoard,2026-05-21
00606.XHKG,中骏商管,SCE CM,"['sh', 'sz']",2021-07-02,0000-00-00,Active,1000.0,MainBoard,2026-05-21
00607.XHKG,丰盛控股,FULLSHARE,"['sh', 'sz']",2002-12-18,0000-00-00,Active,4000.0,MainBoard,2026-05-21
00612.XHKG,嘉文世纪投资公司,CARMEN CENTURY,"['sh', 'sz']",2002-01-02,0000-00-00,Active,8000.0,MainBoard,2026-05-21
00631.XHKG,三一国际,SANY INT'L,"['sh', 'sz']",2009-11-25,0000-00-00,Active,1000.0,MainBoard,2026-05-21
00636.XHKG,KLN,KLN,"['sh', 'sz']",2013-12-19,0000-00-00,Active,500.0,MainBoard,2026-05-21
00638.XHKG,广和通,FIBOCOM,"['sh', 'sz']",2025-10-22,0000-00-00,Active,200.0,MainBoard,2026-05-21
00639.XHKG,首钢资源,SHOUGANG RES,"['sh', 'sz']",1990-10-02,0000-00-00,Active,2000.0,MainBoard,2026-05-21
00650.XHKG,普达特科技,PRODUCTIVE TECH,"['sh', 'sz']",1992-10-07,0000-00-00,Active,2000.0,MainBoard,2026-05-21
00656.XHKG,复星国际,FOSUN INTL,"['sh', 'sz']",2007-07-16,0000-00-00,Active,500.0,MainBoard,2026-05-21
00658.XHKG,中国高速传动,C TRANSMISSION,"['sh', 'sz']",2007-07-04,0000-00-00,Active,1000.0,MainBoard,2026-05-21
00659.XHKG,周大福创建,CTF SERVICES,"['sh', 'sz']",1997-04-25,0000-00-00,Active,1000.0,MainBoard,2026-05-21
00666.XHKG,瑞浦兰钧,REPT BATTERO,"['sh', 'sz']",2023-12-18,0000-00-00,Active,200.0,MainBoard,2026-05-21
00667.XHKG,中国东方教育,CHINA EAST EDU,"['sh', 'sz']",2019-06-12,0000-00-00,Active,500.0,MainBoard,2026-05-21
00669.XHKG,创科实业,TECHTRONIC IND,"['sh', 'sz']",1990-12-17,0000-00-00,Active,500.0,MainBoard,2026-05-21
00670.XHKG,中国东方航空股份,CHINA EAST AIR,"['sh', 'sz']",1997-02-05,0000-00-00,Active,2000.0,MainBoard,2026-05-21
00683.XHKG,嘉里建设,KERRY PPT,"['sh', 'sz']",1996-08-05,0000-00-00,Active,500.0,MainBoard,2026-05-21
00686.XHKG,北京能源国际,BJ ENERGY INTL,['sz'],2000-04-13,0000-00-00,Active,2000.0,MainBoard,2026-05-21
00687.XHKG,泰升集团,TYSAN HOLDINGS,['sz'],1991-03-26,0000-00-00,Active,2000.0,MainBoard,2026-05-21
00688.XHKG,中国海外发展,CHINA OVERSEAS,"['sh', 'sz']",1992-08-20,0000-00-00,Active,500.0,MainBoard,2026-05-21
00691.XHKG,山水水泥,SHANSHUI CEMENT,"['sh', 'sz']",2008-07-04,0000-00-00,Active,1000.0,MainBoard,2026-05-21
00694.XHKG,北京首都机场股份,BEIJING AIRPORT,"['sh', 'sz']",2000-02-01,0000-00-00,Active,2000.0,MainBoard,2026-05-21
00696.XHKG,中国民航信息网络,TRAVELSKY TECH,"['sh', 'sz']",2001-02-07,0000-00-00,Active,1000.0,MainBoard,2026-05-21
00697.XHKG,首程控股,SHOUCHENG,"['sh', 'sz']",1991-04-30,0000-00-00,Active,2000.0,MainBoard,2026-05-21
00698.XHKG,通达集团,TONGDA GROUP,"['sh', 'sz']",2000-12-22,0000-00-00,Active,1000.0,MainBoard,2026-05-21
00699.XHKG,均胜电子,JOYSON ELEC,"['sh', 'sz']",2025-11-06,0000-00-00,Active,500.0,MainBoard,2026-05-21
00700.XHKG,腾讯控股,TENCENT,"['sh', 'sz']",2004-06-16,0000-00-00,Active,100.0,MainBoard,2026-05-21
00709.XHKG,佐丹奴国际,GIORDANO INT'L,['sz'],1991-06-19,0000-00-00,Active,2000.0,MainBoard,2026-05-21
00710.XHKG,京东方精电,BOE VARITRONIX,"['sh', 'sz']",1991-07-01,0000-00-00,Active,1000.0,MainBoard,2026-05-21
00718.XHKG,太和控股,TAI UNITED HOLD,['sz'],1995-10-02,0000-00-00,Active,5000.0,MainBoard,2026-05-21
00719.XHKG,山东新华制药股份,SHANDONG XINHUA,"['sh', 'sz']",1996-12-31,0000-00-00,Active,2000.0,MainBoard,2026-05-21
00721.XHKG,中国金融国际,C FIN INT INV,['sz'],2001-06-08,0000-00-00,Active,10000.0,MainBoard,2026-05-21
00728.XHKG,中国电信,CHINA TELECOM,"['sh', 'sz']",2002-11-15,0000-00-00,Active,2000.0,MainBoard,2026-05-21
00732.XHKG,信利国际,TRULY INT'L,"['sh', 'sz']",1991-07-29,0000-00-00,Active,2000.0,MainBoard,2026-05-21
00737.XHKG,湾区发展,BAY AREA DEV,"['sh', 'sz']",2003-08-06,0000-00-00,Active,500.0,MainBoard,2026-05-21
00743.XHKG,亚洲水泥(中国),ASIA CEMENT CH,"['sh', 'sz']",2008-05-20,0000-00-00,Active,500.0,MainBoard,2026-05-21
00751.XHKG,创维集团,SKYWORTH GROUP,"['sh', 'sz']",2000-04-07,0000-00-00,Active,2000.0,MainBoard,2026-05-21
00753.XHKG,中国国航,AIR CHINA,"['sh', 'sz']",2004-12-15,0000-00-00,Active,2000.0,MainBoard,2026-05-21
00754.XHKG,合生创展集团,HOPSON DEV HOLD,"['sh', 'sz']",1998-05-27,0000-00-00,Active,100.0,MainBoard,2026-05-21
00762.XHKG,中国联通,CHINA UNICOM,"['sh', 'sz']",2000-06-22,0000-00-00,Active,2000.0,MainBoard,2026-05-21
00763.XHKG,中兴通讯,ZTE,"['sh', 'sz']",2004-12-09,0000-00-00,Active,200.0,MainBoard,2026-05-21
00772.XHKG,阅文集团,CHINA LIT,"['sh', 'sz']",2017-11-08,0000-00-00,Active,200.0,MainBoard,2026-05-21
00775.XHKG,长江生命科技,CKLIFE SCIENCES,"['sh', 'sz']",2008-09-08,0000-00-00,Active,2000.0,MainBoard,2026-05-21
00777.XHKG,网龙,NETDRAGON,"['sh', 'sz']",2008-06-24,0000-00-00,Active,500.0,MainBoard,2026-05-21
00780.XHKG,同程旅行,TONGCHENGTRAVEL,"['sh', 'sz']",2018-11-26,0000-00-00,Active,400.0,MainBoard,2026-05-21
00788.XHKG,中国铁塔,CHINA TOWER,"['sh', 'sz']",2018-08-08,0000-00-00,Active,500.0,MainBoard,2026-05-21
00799.XHKG,IGG,IGG,['sz'],2015-07-07,0000-00-00,Active,1000.0,MainBoard,2026-05-21
00806.XHKG,惠理集团,VALUE PARTNERS,"['sh', 'sz']",2007-11-22,0000-00-00,Active,1000.0,MainBoard,2026-05-21
00811.XHKG,新华文轩,XINHUA WINSHARE,"['sh', 'sz']",2007-05-30,0000-00-00,Active,1000.0,MainBoard,2026-05-21
00813.XHKG,世茂集团,SHIMAO GROUP,"['sh', 'sz']",2006-07-05,0000-00-00,Active,500.0,MainBoard,2026-05-21
00816.XHKG,金茂服务,JINMAO SERVICES,['sz'],2022-03-10,0000-00-00,Active,500.0,MainBoard,2026-05-21
00817.XHKG,中国金茂,CHINA JINMAO,"['sh', 'sz']",2007-08-17,0000-00-00,Active,2000.0,MainBoard,2026-05-21
00819.XHKG,天能动力,TIANNENG POWER,"['sh', 'sz']",2007-06-11,0000-00-00,Active,2000.0,MainBoard,2026-05-21
00826.XHKG,天工国际,TIANGONG INT'L,"['sh', 'sz']",2007-07-26,0000-00-00,Active,2000.0,MainBoard,2026-05-21
00829.XHKG,神冠控股,SHENGUAN HLDGS,['sh'],2009-10-13,0000-00-00,Active,2000.0,MainBoard,2026-05-21
00832.XHKG,建业地产,CENTRAL CHINA,['sz'],2008-06-06,0000-00-00,Active,1000.0,MainBoard,2026-05-21
00836.XHKG,华润电力,CHINA RES POWER,"['sh', 'sz']",2003-11-12,0000-00-00,Active,2000.0,MainBoard,2026-05-21
00839.XHKG,中教控股,CHINA EDU GROUP,"['sh', 'sz']",2017-12-15,0000-00-00,Active,1000.0,MainBoard,2026-05-21
00845.XHKG,恒盛地产,GLORIOUS PPT H,['sz'],2009-10-02,0000-00-00,Active,1000.0,MainBoard,2026-05-21
00846.XHKG,明发集团,MINGFA GROUP,['sh'],2009-11-13,0000-00-00,Active,1000.0,MainBoard,2026-05-21
00853.XHKG,微创医疗,MICROPORT,"['sh', 'sz']",2010-09-24,0000-00-00,Active,100.0,MainBoard,2026-05-21
00855.XHKG,中国水务,CHINA WATER,"['sh', 'sz']",1999-10-11,0000-00-00,Active,2000.0,MainBoard,2026-05-21
00856.XHKG,伟仕佳杰,VSTECS,"['sh', 'sz']",2002-05-09,0000-00-00,Active,2000.0,MainBoard,2026-05-21
00857.XHKG,中国石油股份,PETROCHINA,"['sh', 'sz']",2000-04-07,0000-00-00,Active,2000.0,MainBoard,2026-05-21
00860.XHKG,APOLLO出行,APOLLO FMG,['sz'],2002-09-03,0000-00-00,Active,4000.0,MainBoard,2026-05-21
00861.XHKG,神州控股,DC HOLDINGS,"['sh', 'sz']",2001-06-01,0000-00-00,Active,1000.0,MainBoard,2026-05-21
00867.XHKG,康哲药业,CMS,"['sh', 'sz']",2010-09-28,0000-00-00,Active,1000.0,MainBoard,2026-05-21
00868.XHKG,信义玻璃,XINYI GLASS,"['sh', 'sz']",2005-02-03,0000-00-00,Active,1000.0,MainBoard,2026-05-21
00873.XHKG,世茂服务,SHIMAO SERVICES,"['sh', 'sz']",2020-10-30,0000-00-00,Active,1000.0,MainBoard,2026-05-21
00874.XHKG,白云山,BAIYUNSHAN PH,"['sh', 'sz']",1997-10-30,0000-00-00,Active,2000.0,MainBoard,2026-05-21
00880.XHKG,澳博控股,SJM HOLDINGS,"['sh', 'sz']",2008-07-16,0000-00-00,Active,1000.0,MainBoard,2026-05-21
00881.XHKG,中升控股,ZHONGSHENG HLDG,"['sh', 'sz']",2010-03-26,0000-00-00,Active,500.0,MainBoard,2026-05-21
00883.XHKG,中国海洋石油,CNOOC,"['sh', 'sz']",2001-02-28,0000-00-00,Active,1000.0,MainBoard,2026-05-21
00884.XHKG,旭辉控股集团,CIFI HOLD GP,"['sh', 'sz']",2012-11-23,0000-00-00,Active,2000.0,MainBoard,2026-05-21
00895.XHKG,东江环保,DONGJIANG ENV,"['sh', 'sz']",2010-09-28,0000-00-00,Active,200.0,MainBoard,2026-05-21
00902.XHKG,华能国际电力股份,HUANENG POWER,"['sh', 'sz']",1998-01-21,0000-00-00,Active,2000.0,MainBoard,2026-05-21
00909.XHKG,明源云,MING YUAN CLOUD,"['sh', 'sz']",2020-09-25,0000-00-00,Active,1000.0,MainBoard,2026-05-21
00911.XHKG,前海健康,QIANHAI HEALTH,"['sh', 'sz']",2014-06-27,0000-00-00,Active,10000.0,MainBoard,2026-05-21
00914.XHKG,海螺水泥,CONCH CEMENT,"['sh', 'sz']",1997-10-21,0000-00-00,Active,500.0,MainBoard,2026-05-21
00916.XHKG,龙源电力,CHINA LONGYUAN,"['sh', 'sz']",2009-12-10,0000-00-00,Active,1000.0,MainBoard,2026-05-21
00917.XHKG,趣致集团,QUNABOX GROUP,"['sh', 'sz']",2024-05-27,0000-00-00,Active,100.0,MainBoard,2026-05-21
00921.XHKG,海信家电,HISENSE HA,"['sh', 'sz']",1996-07-23,0000-00-00,Active,1000.0,MainBoard,2026-05-21
00931.XHKG,中国港能,CHINA HK POWER,"['sh', 'sz']",2001-10-24,0000-00-00,Active,2000.0,MainBoard,2026-05-21
00933.XHKG,非凡领越,VIVA GOODS,"['sh', 'sz']",2023-06-27,0000-00-00,Active,8000.0,MainBoard,2026-05-21
00934.XHKG,中石化冠德,SINOPEC KANTONS,"['sh', 'sz']",1999-06-25,0000-00-00,Active,2000.0,MainBoard,2026-05-21
00939.XHKG,建设银行,CCB,"['sh', 'sz']",2005-10-27,0000-00-00,Active,1000.0,MainBoard,2026-05-21
00941.XHKG,中国移动,CHINA MOBILE,"['sh', 'sz']",1997-10-23,0000-00-00,Active,500.0,MainBoard,2026-05-21
00950.XHKG,李氏大药厂,LEE'S PHARM,['sz'],2010-05-14,0000-00-00,Active,500.0,MainBoard,2026-05-21
00951.XHKG,超威动力,CHAOWEI POWER,['sz'],2010-07-07,0000-00-00,Active,1000.0,MainBoard,2026-05-21
00956.XHKG,新天绿色能源,CHINA SUNTIEN,"['sh', 'sz']",2010-10-13,0000-00-00,Active,1000.0,MainBoard,2026-05-21
00960.XHKG,龙湖集团,LONGFOR GROUP,"['sh', 'sz']",2009-11-19,0000-00-00,Active,500.0,MainBoard,2026-05-21
00966.XHKG,中国太平,CHINA TAIPING,"['sh', 'sz']",2000-06-29,0000-00-00,Active,200.0,MainBoard,2026-05-21
00968.XHKG,信义光能,XINYI SOLAR,"['sh', 'sz']",2013-12-12,0000-00-00,Active,2000.0,MainBoard,2026-05-21
00975.XHKG,MONGOLMINING,MONGOL MINING,"['sh', 'sz']",2010-10-13,0000-00-00,Active,3000.0,MainBoard,2026-05-21
00976.XHKG,齐合环保,CHIHO ENV,['sz'],2010-07-12,0000-00-00,Active,2000.0,MainBoard,2026-05-21
00978.XHKG,招商局置地,CHI MER LAND,['sz'],1997-10-16,0000-00-00,Active,2000.0,MainBoard,2026-05-21
00981.XHKG,中芯国际,SMIC,"['sh', 'sz']",2004-03-18,0000-00-00,Active,500.0,MainBoard,2026-05-21
00989.XHKG,中国长白山国际,CHINA CBS INTL,['sz'],1997-10-20,0000-00-00,Active,10000.0,MainBoard,2026-05-21
00990.XHKG,至源控股,DEEP SOURCE,"['sh', 'sz']",1994-01-25,0000-00-00,Active,10000.0,MainBoard,2026-05-21
00991.XHKG,大唐发电,DATANG POWER,"['sh', 'sz']",1997-03-21,0000-00-00,Active,2000.0,MainBoard,2026-05-21
00992.XHKG,联想集团,LENOVO GROUP,"['sh', 'sz']",1994-02-14,0000-00-00,Active,2000.0,MainBoard,2026-05-21
00995.XHKG,安徽皖通高速公路,ANHUIEXPRESSWAY,"['sh', 'sz']",1996-11-13,0000-00-00,Active,2000.0,MainBoard,2026-05-21
00998.XHKG,中信银行,CITIC BANK,"['sh', 'sz']",2007-04-27,0000-00-00,Active,1000.0,MainBoard,2026-05-21
00999.XHKG,小菜园,XIAOCAIYUAN,"['sh', 'sz']",2024-12-20,0000-00-00,Active,800.0,MainBoard,2026-05-21
01024.XHKG,快手-W,KUAISHOU-W,"['sh', 'sz']",2021-02-05,0000-00-00,Active,100.0,MainBoard,2026-05-21
01028.XHKG,千百度,C.BANNER,['sz'],2011-09-23,0000-00-00,Active,1000.0,MainBoard,2026-05-21
01030.XHKG,新城发展,SEAZEN,"['sh', 'sz']",2012-11-29,0000-00-00,Active,2000.0,MainBoard,2026-05-21
01033.XHKG,中石化油服,SINOPEC SSC,"['sh', 'sz']",1994-03-29,0000-00-00,Active,2000.0,MainBoard,2026-05-21
01038.XHKG,长江基建集团,CKI HOLDINGS,"['sh', 'sz']",1996-07-17,0000-00-00,Active,500.0,MainBoard,2026-05-21
01044.XHKG,恒安国际,HENGAN INT'L,"['sh', 'sz']",1998-12-08,0000-00-00,Active,500.0,MainBoard,2026-05-21
01052.XHKG,越秀交通基建,YUEXIUTRANSPORT,"['sh', 'sz']",1997-01-30,0000-00-00,Active,2000.0,MainBoard,2026-05-21
01053.XHKG,重庆钢铁股份,CHONGQING IRON,"['sh', 'sz']",1997-10-17,0000-00-00,Active,2000.0,MainBoard,2026-05-21
01055.XHKG,中国南方航空股份,CHINA SOUTH AIR,"['sh', 'sz']",1997-07-31,0000-00-00,Active,2000.0,MainBoard,2026-05-21
01057.XHKG,浙江世宝,ZHEJIANG SHIBAO,"['sh', 'sz']",2011-03-09,0000-00-00,Active,2000.0,MainBoard,2026-05-21
01060.XHKG,大麦娱乐,DAMAI ENT,"['sh', 'sz']",1994-05-12,0000-00-00,Active,10000.0,MainBoard,2026-05-21
01065.XHKG,天津创业环保股份,TIANJIN CAPITAL,"['sh', 'sz']",1994-05-17,0000-00-00,Active,2000.0,MainBoard,2026-05-21
01066.XHKG,威高股份,WEIGAO GROUP,"['sh', 'sz']",2010-07-29,0000-00-00,Active,400.0,MainBoard,2026-05-21
01068.XHKG,雨润食品,YURUN FOOD,['sh'],2005-10-03,0000-00-00,Active,1000.0,MainBoard,2026-05-21
01070.XHKG,TCL电子,TCL ELECTRONICS,"['sh', 'sz']",1999-11-26,0000-00-00,Active,1000.0,MainBoard,2026-05-21
01071.XHKG,华电国际电力股份,HUADIAN POWER,"['sh', 'sz']",1999-06-30,0000-00-00,Active,2000.0,MainBoard,2026-05-21
01072.XHKG,东方电气,DONGFANG ELEC,"['sh', 'sz']",1994-06-06,0000-00-00,Active,200.0,MainBoard,2026-05-21
01083.XHKG,港华智慧能源,TG SMART ENERGY,"['sh', 'sz']",2005-12-08,0000-00-00,Active,1000.0,MainBoard,2026-05-21
01086.XHKG,好孩子国际,GOODBABY INTL,['sz'],2010-11-24,0000-00-00,Active,1000.0,MainBoard,2026-05-21
01088.XHKG,中国神华,CHINA SHENHUA,"['sh', 'sz']",2005-06-15,0000-00-00,Active,500.0,MainBoard,2026-05-21
01093.XHKG,石药集团,CSPC PHARMA,"['sh', 'sz']",1994-06-21,0000-00-00,Active,2000.0,MainBoard,2026-05-21
01098.XHKG,路劲,ROAD KING INFRA,['sz'],1996-07-04,0000-00-00,Active,1000.0,MainBoard,2026-05-21
01099.XHKG,国药控股,SINOPHARM,"['sh', 'sz']",2009-09-23,0000-00-00,Active,400.0,MainBoard,2026-05-21
01108.XHKG,凯盛新能,TRIUMPH NEW EN,"['sh', 'sz']",1994-07-08,0000-00-00,Active,2000.0,MainBoard,2026-05-21
01109.XHKG,华润置地,CHINA RES LAND,"['sh', 'sz']",1996-11-08,0000-00-00,Active,500.0,MainBoard,2026-05-21
01111.XHKG,华视集团控股,HUASHI GROUP,['sh'],2023-11-10,0000-00-00,Active,4000.0,MainBoard,2026-05-21
01112.XHKG,H&H国际控股,H&H INTL HLDG,"['sh', 'sz']",2010-12-17,0000-00-00,Active,500.0,MainBoard,2026-05-21
01113.XHKG,长实集团,CK ASSET,"['sh', 'sz']",2015-06-03,0000-00-00,Active,500.0,MainBoard,2026-05-21
01114.XHKG,BRILLIANCECHI,BRILLIANCE CHI,"['sh', 'sz']",1999-10-22,0000-00-00,Active,2000.0,MainBoard,2026-05-21
01115.XHKG,5100藏冰川,5100 XIZANG,['sz'],2011-06-30,0000-00-00,Active,10000.0,MainBoard,2026-05-21
01117.XHKG,现代牧业,CH MODERN D,"['sh', 'sz']",2010-11-26,0000-00-00,Active,1000.0,MainBoard,2026-05-21
01119.XHKG,创梦天地,IDREAMSKY,"['sh', 'sz']",2018-12-06,0000-00-00,Active,400.0,MainBoard,2026-05-21
01121.XHKG,金阳新能源,GOLDENSOLAR,"['sh', 'sz']",2011-01-28,0000-00-00,Active,2000.0,MainBoard,2026-05-21
01128.XHKG,永利澳门,WYNN MACAU,"['sh', 'sz']",2009-10-09,0000-00-00,Active,400.0,MainBoard,2026-05-21
01137.XHKG,香港科技探索,HK TECH VENTURE,"['sh', 'sz']",1997-08-04,0000-00-00,Active,1000.0,MainBoard,2026-05-21
01138.XHKG,中远海能,COSCO SHIP ENGY,"['sh', 'sz']",1994-11-11,0000-00-00,Active,2000.0,MainBoard,2026-05-21
01140.XHKG,华科智能投资,HK.AI CAPITAL,['sz'],2003-03-20,0000-00-00,Active,4000.0,MainBoard,2026-05-21
01141.XHKG,民银资本,CMBC CAPITAL,"['sh', 'sz']",1998-03-12,0000-00-00,Active,1000.0,MainBoard,2026-05-21
01157.XHKG,中联重科,ZOOMLION,"['sh', 'sz']",2010-12-23,0000-00-00,Active,200.0,MainBoard,2026-05-21
01164.XHKG,中广核矿业,CGN MINING,"['sh', 'sz']",2003-08-04,0000-00-00,Active,5000.0,MainBoard,2026-05-21
01165.XHKG,顺风清洁能源,SFCE,['sh'],2011-07-13,0000-00-00,Active,2000.0,MainBoard,2026-05-21
01167.XHKG,加科思-B,JACOBIO-B,"['sh', 'sz']",2020-12-21,0000-00-00,Active,300.0,MainBoard,2026-05-21
01171.XHKG,兖矿能源,YANKUANG ENERGY,"['sh', 'sz']",1998-04-01,0000-00-00,Active,2000.0,MainBoard,2026-05-21
01176.XHKG,珠光控股,ZHUGUANG HOLD,"['sh', 'sz']",1996-12-09,0000-00-00,Active,2000.0,MainBoard,2026-05-21
01177.XHKG,中国生物制药,SBP GROUP,"['sh', 'sz']",2003-12-08,0000-00-00,Active,1000.0,MainBoard,2026-05-21
01186.XHKG,中国铁建,CHINA RAIL CONS,"['sh', 'sz']",2008-03-13,0000-00-00,Active,500.0,MainBoard,2026-05-21
01187.XHKG,可孚医疗,COFOE MEDICAL,"['sh', 'sz']",2026-05-06,0000-00-00,Active,100.0,MainBoard,2026-05-21
01188.XHKG,正道集团,HYBRID KINETIC,['sz'],1995-04-06,0000-00-00,Active,2000.0,MainBoard,2026-05-21
01193.XHKG,华润燃气,CHINA RES GAS,"['sh', 'sz']",1994-11-07,0000-00-00,Active,100.0,MainBoard,2026-05-21
01196.XHKG,伟禄集团,REALORD GROUP,"['sh', 'sz']",1997-01-20,0000-00-00,Active,2000.0,MainBoard,2026-05-21
01199.XHKG,中远海运港口,COSCO SHIP PORT,"['sh', 'sz']",1994-12-19,0000-00-00,Active,2000.0,MainBoard,2026-05-21
01205.XHKG,中信资源,CITIC RESOURCES,"['sh', 'sz']",1997-09-08,0000-00-00,Active,2000.0,MainBoard,2026-05-21
01208.XHKG,五矿资源,MMG,"['sh', 'sz']",1994-12-15,0000-00-00,Active,4000.0,MainBoard,2026-05-21
01209.XHKG,华润万象生活,CHINA RES MIXC,"['sh', 'sz']",2020-12-09,0000-00-00,Active,200.0,MainBoard,2026-05-21
01211.XHKG,比亚迪股份,BYD COMPANY,"['sh', 'sz']",2002-07-31,0000-00-00,Active,100.0,MainBoard,2026-05-21
01233.XHKG,时代中国控股,TIMES CHINA,"['sh', 'sz']",2013-12-11,0000-00-00,Active,1000.0,MainBoard,2026-05-21
01234.XHKG,中国利郎,CHINA LILANG,"['sh', 'sz']",2009-09-25,0000-00-00,Active,1000.0,MainBoard,2026-05-21
01236.XHKG,乐动机器人,LDROBOT,['sz'],2026-05-11,0000-00-00,Active,200.0,MainBoard,2026-05-21
01238.XHKG,宝龙地产,POWERLONG,"['sh', 'sz']",2009-10-14,0000-00-00,Active,1000.0,MainBoard,2026-05-21
01244.XHKG,思路迪医药股份,3D MEDICINES,"['sh', 'sz']",2022-12-15,0000-00-00,Active,500.0,MainBoard,2026-05-21
01250.XHKG,山高新能源,SDHS NEW ENERGY,"['sh', 'sz']",2013-07-05,0000-00-00,Active,1000.0,MainBoard,2026-05-21
01253.XHKG,绿博生态,GREEN BROAD,['sz'],2014-07-21,0000-00-00,Active,12000.0,MainBoard,2026-05-21
01257.XHKG,中国光大绿色环保,CEB GREENTECH,['sz'],2017-05-08,0000-00-00,Active,1000.0,MainBoard,2026-05-21
01258.XHKG,中国有色矿业,CHINFMINING,"['sh', 'sz']",2012-06-29,0000-00-00,Active,1000.0,MainBoard,2026-05-21
01268.XHKG,美东汽车,MEIDONG AUTO,"['sh', 'sz']",2013-12-05,0000-00-00,Active,2000.0,MainBoard,2026-05-21
01269.XHKG,首控集团,FIRST CAP GP,"['sh', 'sz']",2011-11-23,0000-00-00,Active,10000.0,MainBoard,2026-05-21
01274.XHKG,知行科技,IMOTIONTECH,"['sh', 'sz']",2023-12-20,0000-00-00,Active,100.0,MainBoard,2026-05-21
01276.XHKG,恒瑞医药,HENGRUI PHARMA,"['sh', 'sz']",2025-05-23,0000-00-00,Active,200.0,MainBoard,2026-05-21
01277.XHKG,力量发展,KINETIC DEV,"['sh', 'sz']",2012-03-23,0000-00-00,Active,2000.0,MainBoard,2026-05-21
01282.XHKG,中泽丰,RENZE HARVEST,"['sh', 'sz']",2010-12-15,0000-00-00,Active,8000.0,MainBoard,2026-05-21
01286.XHKG,鹰普精密,IMPRO PRECISION,['sz'],2019-06-28,0000-00-00,Active,1000.0,MainBoard,2026-05-21
01288.XHKG,农业银行,ABC,"['sh', 'sz']",2010-07-16,0000-00-00,Active,1000.0,MainBoard,2026-05-21
01293.XHKG,广汇宝信,GRAND BAOXIN,"['sh', 'sz']",2011-12-14,0000-00-00,Active,500.0,MainBoard,2026-05-21
01299.XHKG,友邦保险,AIA,"['sh', 'sz']",2010-10-29,0000-00-00,Active,200.0,MainBoard,2026-05-21
01302.XHKG,先健科技,LIFETECH SCI,"['sh', 'sz']",2013-11-06,0000-00-00,Active,2000.0,MainBoard,2026-05-21
01304.XHKG,FORTIOR,FORTIOR,"['sh', 'sz']",2025-07-09,0000-00-00,Active,100.0,MainBoard,2026-05-21
01308.XHKG,海丰国际,SITC,"['sh', 'sz']",2010-10-06,0000-00-00,Active,1000.0,MainBoard,2026-05-21
01310.XHKG,香港宽频,HKBN,"['sh', 'sz']",2015-03-12,0000-00-00,Active,500.0,MainBoard,2026-05-21
01313.XHKG,华润建材科技,CR BLDG MAT TEC,"['sh', 'sz']",2009-10-06,0000-00-00,Active,2000.0,MainBoard,2026-05-21
01315.XHKG,绿色经济,GREEN ECONOMY,"['sh', 'sz']",2012-01-18,0000-00-00,Active,10000.0,MainBoard,2026-05-21
01316.XHKG,耐世特,NEXTEER,"['sh', 'sz']",2013-10-07,0000-00-00,Active,1000.0,MainBoard,2026-05-21
01317.XHKG,枫叶教育,MAPLELEAF EDU,['sz'],2014-11-28,0000-00-00,Active,2000.0,MainBoard,2026-05-21
01318.XHKG,毛戈平,MAO GEPING,"['sh', 'sz']",2024-12-10,0000-00-00,Active,100.0,MainBoard,2026-05-21
01330.XHKG,绿色动力环保,DYNAGREEN ENV,"['sh', 'sz']",2014-06-19,0000-00-00,Active,1000.0,MainBoard,2026-05-21
01333.XHKG,博雷顿,BRETON,"['sh', 'sz']",2025-05-07,0000-00-00,Active,200.0,MainBoard,2026-05-21
01336.XHKG,新华保险,NCI,"['sh', 'sz']",2011-12-15,0000-00-00,Active,100.0,MainBoard,2026-05-21
01339.XHKG,中国人民保险集团,PICC GROUP,"['sh', 'sz']",2012-12-07,0000-00-00,Active,1000.0,MainBoard,2026-05-21
01341.XHKG,昊天国际建投,HAO TIAN INTL,"['sh', 'sz']",2015-12-10,0000-00-00,Active,8000.0,MainBoard,2026-05-21
01347.XHKG,华虹半导体,HUA HONG SEMI,"['sh', 'sz']",2014-10-15,0000-00-00,Active,1000.0,MainBoard,2026-05-21
01349.XHKG,复旦张江,FUDANZHANGJIANG,"['sh', 'sz']",2013-12-16,0000-00-00,Active,1000.0,MainBoard,2026-05-21
01357.XHKG,美图公司,MEITU,"['sh', 'sz']",2016-12-15,0000-00-00,Active,500.0,MainBoard,2026-05-21
01359.XHKG,中国信达,CHINA CINDA,"['sh', 'sz']",2013-12-12,0000-00-00,Active,1000.0,MainBoard,2026-05-21
01361.XHKG,361度,361 DEGREES,"['sh', 'sz']",2009-06-30,0000-00-00,Active,1000.0,MainBoard,2026-05-21
01364.XHKG,古茗,GUMING,"['sh', 'sz']",2025-02-12,0000-00-00,Active,400.0,MainBoard,2026-05-21
01368.XHKG,特步国际,XTEP INT'L,"['sh', 'sz']",2008-06-03,0000-00-00,Active,500.0,MainBoard,2026-05-21
01375.XHKG,中州证券,CC SECURITIES,"['sh', 'sz']",2014-06-25,0000-00-00,Active,1000.0,MainBoard,2026-05-21
01378.XHKG,中国宏桥,CHINAHONGQIAO,"['sh', 'sz']",2011-03-24,0000-00-00,Active,500.0,MainBoard,2026-05-21
01382.XHKG,互太纺织,PACIFICTEXTILES,"['sh', 'sz']",2007-05-18,0000-00-00,Active,1000.0,MainBoard,2026-05-21
01384.XHKG,滴普科技,DEEPEXI TECH,"['sh', 'sz']",2025-10-28,0000-00-00,Active,200.0,MainBoard,2026-05-21
01385.XHKG,上海复旦,SHANGHAI FUDAN,"['sh', 'sz']",2014-01-08,0000-00-00,Active,1000.0,MainBoard,2026-05-21
01398.XHKG,工商银行,ICBC,"['sh', 'sz']",2006-10-27,0000-00-00,Active,1000.0,MainBoard,2026-05-21
01405.XHKG,达势股份,DPC DASH,"['sh', 'sz']",2023-03-28,0000-00-00,Active,100.0,MainBoard,2026-05-21
01415.XHKG,高伟电子,COWELL,"['sh', 'sz']",2015-03-31,0000-00-00,Active,1000.0,MainBoard,2026-05-21
01428.XHKG,耀才证券金融,BRIGHT SMART,"['sh', 'sz']",2010-08-25,0000-00-00,Active,2000.0,MainBoard,2026-05-21
01432.XHKG,中国圣牧,CHINA SHENGMU,"['sh', 'sz']",2014-07-15,0000-00-00,Active,1000.0,MainBoard,2026-05-21
01448.XHKG,福寿园,FU SHOU YUAN,"['sh', 'sz']",2013-12-19,0000-00-00,Active,1000.0,MainBoard,2026-05-21
01456.XHKG,国联民生,GLMS SEC,"['sh', 'sz']",2015-07-06,0000-00-00,Active,500.0,MainBoard,2026-05-21
01458.XHKG,周黑鸭,ZHOU HEI YA,"['sh', 'sz']",2016-11-11,0000-00-00,Active,500.0,MainBoard,2026-05-21
01468.XHKG,嘉高达资本,JAKOTA CAPITAL,"['sh', 'sz']",2015-03-20,0000-00-00,Active,10000.0,MainBoard,2026-05-21
01475.XHKG,日清食品,NISSIN FOODS,"['sh', 'sz']",2017-12-11,0000-00-00,Active,1000.0,MainBoard,2026-05-21
01477.XHKG,欧康维视生物-B,OCUMENSION-B,"['sh', 'sz']",2020-07-10,0000-00-00,Active,500.0,MainBoard,2026-05-21
01478.XHKG,丘钛科技,Q TECH,"['sh', 'sz']",2014-12-02,0000-00-00,Active,1000.0,MainBoard,2026-05-21
01508.XHKG,中国再保险,CHINA RE,"['sh', 'sz']",2015-10-26,0000-00-00,Active,1000.0,MainBoard,2026-05-21
01513.XHKG,丽珠医药,LIVZON PHARMA,"['sh', 'sz']",2014-01-16,0000-00-00,Active,100.0,MainBoard,2026-05-21
01515.XHKG,华润医疗,CR MEDICAL,"['sh', 'sz']",2013-11-29,0000-00-00,Active,500.0,MainBoard,2026-05-21
01516.XHKG,融创服务,SUNAC SERVICES,"['sh', 'sz']",2020-11-19,0000-00-00,Active,1000.0,MainBoard,2026-05-21
01519.XHKG,极兔速递-W,J&T EXPRESS-W,"['sh', 'sz']",2023-10-27,0000-00-00,Active,200.0,MainBoard,2026-05-21
01521.XHKG,方达控股,FRONTAGE,"['sh', 'sz']",2019-05-30,0000-00-00,Active,2000.0,MainBoard,2026-05-21
01528.XHKG,红星美凯龙,RS MACALLINE,"['sh', 'sz']",2015-06-26,0000-00-00,Active,200.0,MainBoard,2026-05-21
01530.XHKG,三生制药,3SBIO,"['sh', 'sz']",2015-06-11,0000-00-00,Active,500.0,MainBoard,2026-05-21
01541.XHKG,宜明昂科-B,IMMUNEONCO-B,"['sh', 'sz']",2023-09-05,0000-00-00,Active,200.0,MainBoard,2026-05-21
01548.XHKG,金斯瑞生物科技,GENSCRIPT BIO,"['sh', 'sz']",2015-12-30,0000-00-00,Active,2000.0,MainBoard,2026-05-21
01551.XHKG,广州农商银行,GRCB,['sz'],2017-06-20,0000-00-00,Active,1000.0,MainBoard,2026-05-21
01563.XHKG,友联国际教育租赁,ALLI INTL ED LE,"['sh', 'sz']",2019-03-15,0000-00-00,Active,1000.0,MainBoard,2026-05-21
01569.XHKG,民生教育,MINSHENG EDU,['sz'],2017-03-22,0000-00-00,Active,2000.0,MainBoard,2026-05-21
01578.XHKG,天津银行,BANK OF TIANJIN,['sh'],2016-03-30,0000-00-00,Active,500.0,MainBoard,2026-05-21
01579.XHKG,颐海国际,YIHAI INTL,"['sh', 'sz']",2016-07-13,0000-00-00,Active,1000.0,MainBoard,2026-05-21
01585.XHKG,雅迪控股,YADEA,"['sh', 'sz']",2016-05-19,0000-00-00,Active,2000.0,MainBoard,2026-05-21
01600.XHKG,天伦燃气,TIAN LUN GAS,"['sh', 'sz']",2010-11-10,0000-00-00,Active,500.0,MainBoard,2026-05-21
01606.XHKG,国银金租,CDB LEASING,['sz'],2016-07-11,0000-00-00,Active,2000.0,MainBoard,2026-05-21
01608.XHKG,伟能集团,VPOWER GROUP,['sz'],2016-11-24,0000-00-00,Active,1000.0,MainBoard,2026-05-21
01610.XHKG,中粮家佳康,COFCO JOYCOME,"['sh', 'sz']",2016-11-01,0000-00-00,Active,1000.0,MainBoard,2026-05-21
01618.XHKG,中国中冶,MCC,"['sh', 'sz']",2009-09-24,0000-00-00,Active,1000.0,MainBoard,2026-05-21
01622.XHKG,力高集团,REDCO GROUP,"['sh', 'sz']",2014-01-30,0000-00-00,Active,2000.0,MainBoard,2026-05-21
01628.XHKG,禹洲集团,YUZHOU GROUP,"['sh', 'sz']",2009-11-02,0000-00-00,Active,5000.0,MainBoard,2026-05-21
01635.XHKG,大众公用,DZUG,"['sh', 'sz']",2016-12-05,0000-00-00,Active,1000.0,MainBoard,2026-05-21
01636.XHKG,中国金属利用,CMRU,['sz'],2014-02-21,0000-00-00,Active,8000.0,MainBoard,2026-05-21
01638.XHKG,佳兆业集团,KAISA GROUP,"['sh', 'sz']",2009-12-09,0000-00-00,Active,1000.0,MainBoard,2026-05-21
01658.XHKG,邮储银行,PSBC,"['sh', 'sz']",2016-09-28,0000-00-00,Active,1000.0,MainBoard,2026-05-21
01661.XHKG,中国前沿科技集团,CH FRONTIER TEC,['sz'],2013-07-11,0000-00-00,Active,6000.0,MainBoard,2026-05-21
01666.XHKG,同仁堂科技,TONG REN TANG,['sz'],2010-07-09,0000-00-00,Active,1000.0,MainBoard,2026-05-21
01668.XHKG,华南城,CHINASOUTHCITY,"['sh', 'sz']",2009-09-30,0000-00-00,Active,2000.0,MainBoard,2026-05-21
01675.XHKG,亚信科技,ASIAINFO TECH,"['sh', 'sz']",2018-12-19,0000-00-00,Active,400.0,MainBoard,2026-05-21
01680.XHKG,澳门励骏,MACAU LEGEND,"['sh', 'sz']",2013-07-05,0000-00-00,Active,4000.0,MainBoard,2026-05-21
01681.XHKG,康臣药业,CONSUN PHARMA,"['sh', 'sz']",2013-12-19,0000-00-00,Active,1000.0,MainBoard,2026-05-21
01685.XHKG,博耳电力,BOER POWER,['sz'],2010-10-20,0000-00-00,Active,1000.0,MainBoard,2026-05-21
01686.XHKG,新意网集团,SUNEVISION,"['sh', 'sz']",2018-01-22,0000-00-00,Active,1000.0,MainBoard,2026-05-21
01691.XHKG,JS环球生活,JS GLOBAL LIFE,"['sh', 'sz']",2019-12-18,0000-00-00,Active,500.0,MainBoard,2026-05-21
01709.XHKG,德林控股,DL HOLDINGS GP,"['sh', 'sz']",2017-09-27,0000-00-00,Active,1000.0,MainBoard,2026-05-21
01717.XHKG,澳优,AUSNUTRIA,"['sh', 'sz']",2009-10-08,0000-00-00,Active,1000.0,MainBoard,2026-05-21
01725.XHKG,中国技术集团,C STRATEGIC TEC,"['sh', 'sz']",2018-08-16,0000-00-00,Active,200.0,MainBoard,2026-05-21
01728.XHKG,正通汽车,ZHENGTONGAUTO,"['sh', 'sz']",2010-12-10,0000-00-00,Active,500.0,MainBoard,2026-05-21
01729.XHKG,汇聚科技,TIME INTERCON,"['sh', 'sz']",2018-02-13,0000-00-00,Active,1000.0,MainBoard,2026-05-21
01735.XHKG,中环新能源,CENTRAL NEW EGY,"['sh', 'sz']",2018-03-29,0000-00-00,Active,1000.0,MainBoard,2026-05-21
01755.XHKG,新城悦服务,S-ENJOY SERVICE,"['sh', 'sz']",2018-11-06,0000-00-00,Active,1000.0,MainBoard,2026-05-21
01765.XHKG,希教国际控股,XJ INTL HLDGS,"['sh', 'sz']",2018-08-03,0000-00-00,Active,2000.0,MainBoard,2026-05-21
01766.XHKG,中国中车,CRRC,"['sh', 'sz']",2008-08-21,0000-00-00,Active,1000.0,MainBoard,2026-05-21
01769.XHKG,思考乐教育,SCHOLAR EDU,['sz'],2019-06-21,0000-00-00,Active,1000.0,MainBoard,2026-05-21
01772.XHKG,赣锋锂业,GANFENGLITHIUM,"['sh', 'sz']",2018-10-11,0000-00-00,Active,200.0,MainBoard,2026-05-21
01773.XHKG,天立国际控股,TIANLI INT HLDG,"['sh', 'sz']",2018-07-12,0000-00-00,Active,1000.0,MainBoard,2026-05-21
01776.XHKG,广发证券,GF SEC,"['sh', 'sz']",2015-04-10,0000-00-00,Active,200.0,MainBoard,2026-05-21
01777.XHKG,花样年控股,FANTASIA,['sz'],2009-11-25,0000-00-00,Active,1500.0,MainBoard,2026-05-21
01778.XHKG,彩生活,COLOUR LIFE,['sz'],2014-06-30,0000-00-00,Active,1000.0,MainBoard,2026-05-21
01783.XHKG,晋景新能,ENVISION GREEN,"['sh', 'sz']",2018-08-22,0000-00-00,Active,1000.0,MainBoard,2026-05-21
01787.XHKG,山东黄金,SD GOLD,"['sh', 'sz']",2018-09-28,0000-00-00,Active,250.0,MainBoard,2026-05-21
01788.XHKG,国泰君安国际,GUOTAI JUNAN I,"['sh', 'sz']",2010-07-08,0000-00-00,Active,1000.0,MainBoard,2026-05-21
01789.XHKG,爱康医疗,AK MEDICAL,"['sh', 'sz']",2017-12-20,0000-00-00,Active,2000.0,MainBoard,2026-05-21
01797.XHKG,东方甄选,EAST BUY,"['sh', 'sz']",2019-03-28,0000-00-00,Active,500.0,MainBoard,2026-05-21
01798.XHKG,大唐新能源,DATANG RENEW,"['sh', 'sz']",2010-12-17,0000-00-00,Active,1000.0,MainBoard,2026-05-21
01799.XHKG,新特能源,XINTE ENERGY,"['sh', 'sz']",2015-12-30,0000-00-00,Active,400.0,MainBoard,2026-05-21
01800.XHKG,中国交通建设,CHINA COMM CONS,"['sh', 'sz']",2006-12-15,0000-00-00,Active,1000.0,MainBoard,2026-05-21
01801.XHKG,信达生物,INNOVENT BIO,"['sh', 'sz']",2018-10-31,0000-00-00,Active,500.0,MainBoard,2026-05-21
01810.XHKG,小米集团-W,XIAOMI-W,"['sh', 'sz']",2018-07-09,0000-00-00,Active,200.0,MainBoard,2026-05-21
01811.XHKG,中广核新能源,CGN NEW ENERGY,"['sh', 'sz']",2014-10-03,0000-00-00,Active,2000.0,MainBoard,2026-05-21
01812.XHKG,晨鸣纸业,CHENMING PAPER,"['sh', 'sz']",2008-06-18,0000-00-00,Active,500.0,MainBoard,2026-05-21
01813.XHKG,合景泰富集团,KWG GROUP,"['sh', 'sz']",2007-07-03,0000-00-00,Active,500.0,MainBoard,2026-05-21
01816.XHKG,中广核电力,CGN POWER,"['sh', 'sz']",2014-12-10,0000-00-00,Active,1000.0,MainBoard,2026-05-21
01817.XHKG,慕尚集团控股,MULSANNE GROUP,['sz'],2019-05-27,0000-00-00,Active,500.0,MainBoard,2026-05-21
01818.XHKG,招金矿业,ZHAOJIN MINING,"['sh', 'sz']",2006-12-08,0000-00-00,Active,500.0,MainBoard,2026-05-21
01828.XHKG,富卫集团,FWD,"['sh', 'sz']",2025-07-07,0000-00-00,Active,100.0,MainBoard,2026-05-21
01833.XHKG,平安好医生,PA GOODDOCTOR,"['sh', 'sz']",2018-05-04,0000-00-00,Active,100.0,MainBoard,2026-05-21
01836.XHKG,九兴控股,STELLA HOLDINGS,"['sh', 'sz']",2007-07-06,0000-00-00,Active,500.0,MainBoard,2026-05-21
01848.XHKG,中国飞机租赁,CALC,['sz'],2014-07-11,0000-00-00,Active,500.0,MainBoard,2026-05-21
01855.XHKG,中庆股份,ZONQING LTD,"['sh', 'sz']",2021-01-06,0000-00-00,Active,2000.0,MainBoard,2026-05-21
01858.XHKG,春立医疗,CHUNLI MEDICAL,"['sh', 'sz']",2015-03-11,0000-00-00,Active,250.0,MainBoard,2026-05-21
01860.XHKG,汇量科技,MOBVISTA,"['sh', 'sz']",2018-12-12,0000-00-00,Active,1000.0,MainBoard,2026-05-21
01873.XHKG,维亚生物,VIVA BIOTECH,"['sh', 'sz']",2019-05-09,0000-00-00,Active,500.0,MainBoard,2026-05-21
01876.XHKG,百威亚太,BUD APAC,"['sh', 'sz']",2019-09-30,0000-00-00,Active,100.0,MainBoard,2026-05-21
01877.XHKG,君实生物,JUNSHI BIO,"['sh', 'sz']",2018-12-24,0000-00-00,Active,200.0,MainBoard,2026-05-21
01880.XHKG,中国中免,CTG DUTY-FREE,"['sh', 'sz']",2022-08-25,0000-00-00,Active,100.0,MainBoard,2026-05-21
01882.XHKG,海天国际,HAITIAN INT'L,"['sh', 'sz']",2006-12-22,0000-00-00,Active,1000.0,MainBoard,2026-05-21
01883.XHKG,中信国际电讯,CITIC TELECOM,"['sh', 'sz']",2007-04-03,0000-00-00,Active,1000.0,MainBoard,2026-05-21
01888.XHKG,建滔积层板,KB LAMINATES,"['sh', 'sz']",2006-12-07,0000-00-00,Active,500.0,MainBoard,2026-05-21
01890.XHKG,中国科培,CHINA KEPEI,"['sh', 'sz']",2019-01-25,0000-00-00,Active,2000.0,MainBoard,2026-05-21
01896.XHKG,猫眼娱乐,MAOYAN ENT,"['sh', 'sz']",2019-02-04,0000-00-00,Active,200.0,MainBoard,2026-05-21
01898.XHKG,中煤能源,CHINA COAL,"['sh', 'sz']",2006-12-19,0000-00-00,Active,1000.0,MainBoard,2026-05-21
01905.XHKG,海通恒信,HAITONG UT,['sz'],2019-06-03,0000-00-00,Active,2000.0,MainBoard,2026-05-21
01907.XHKG,中国旭阳集团,CHINA RISUN GP,"['sh', 'sz']",2019-03-15,0000-00-00,Active,1000.0,MainBoard,2026-05-21
01908.XHKG,建发国际集团,C&D INTL GROUP,"['sh', 'sz']",2014-05-26,0000-00-00,Active,1000.0,MainBoard,2026-05-21
01909.XHKG,火岩控股,FIRE ROCK,['sz'],2019-06-27,0000-00-00,Active,2000.0,MainBoard,2026-05-21
01910.XHKG,新秀丽,SAMSONITE,"['sh', 'sz']",2011-06-16,0000-00-00,Active,300.0,MainBoard,2026-05-21
01911.XHKG,华兴资本控股,CR HOLDINGS,"['sh', 'sz']",2018-09-27,0000-00-00,Active,100.0,MainBoard,2026-05-21
01916.XHKG,江西银行,JIANGXI BANK,['sz'],2018-06-26,0000-00-00,Active,500.0,MainBoard,2026-05-21
01918.XHKG,融创中国,SUNAC,"['sh', 'sz']",2010-10-07,0000-00-00,Active,1000.0,MainBoard,2026-05-21
01919.XHKG,中远海控,COSCO SHIP HOLD,"['sh', 'sz']",2005-06-30,0000-00-00,Active,500.0,MainBoard,2026-05-21
01921.XHKG,达力普控股,DALIPAL HLDG,"['sh', 'sz']",2019-11-08,0000-00-00,Active,2000.0,MainBoard,2026-05-21
01928.XHKG,金沙中国有限公司,SANDS CHINA LTD,"['sh', 'sz']",2009-11-30,0000-00-00,Active,400.0,MainBoard,2026-05-21
01929.XHKG,周大福,CHOW TAI FOOK,"['sh', 'sz']",2011-12-15,0000-00-00,Active,200.0,MainBoard,2026-05-21
01942.XHKG,马可数字科技,MOG DIGITECH,"['sh', 'sz']",2020-04-15,0000-00-00,Active,2000.0,MainBoard,2026-05-21
01951.XHKG,锦欣生殖,JXR,"['sh', 'sz']",2019-06-25,0000-00-00,Active,500.0,MainBoard,2026-05-21
01952.XHKG,云顶新耀,EVEREST MED,"['sh', 'sz']",2020-10-09,0000-00-00,Active,500.0,MainBoard,2026-05-21
01958.XHKG,北京汽车,BAIC MOTOR,"['sh', 'sz']",2014-12-19,0000-00-00,Active,500.0,MainBoard,2026-05-21
01963.XHKG,重庆银行,BCQ,"['sh', 'sz']",2013-11-06,0000-00-00,Active,500.0,MainBoard,2026-05-21
01966.XHKG,中骏集团控股,CHINA SCE GROUP,"['sh', 'sz']",2010-02-05,0000-00-00,Active,1000.0,MainBoard,2026-05-21
01969.XHKG,中国春来,CHINA CHUNLAI,"['sh', 'sz']",2018-09-13,0000-00-00,Active,1000.0,MainBoard,2026-05-21
01970.XHKG,IMAXCHINA,IMAX CHINA,"['sh', 'sz']",2015-10-08,0000-00-00,Active,100.0,MainBoard,2026-05-21
01972.XHKG,太古地产,SWIREPROPERTIES,"['sh', 'sz']",2012-01-18,0000-00-00,Active,200.0,MainBoard,2026-05-21
01980.XHKG,天鸽互动,TIANGE,['sz'],2014-07-09,0000-00-00,Active,1000.0,MainBoard,2026-05-21
01981.XHKG,华夏控股,CATHAY GP HLDGS,['sz'],2020-07-15,0000-00-00,Active,1000.0,MainBoard,2026-05-21
01988.XHKG,民生银行,MINSHENG BANK,"['sh', 'sz']",2009-11-26,0000-00-00,Active,500.0,MainBoard,2026-05-21
01989.XHKG,广合科技,DELTON,"['sh', 'sz']",2026-03-20,0000-00-00,Active,100.0,MainBoard,2026-05-21
01995.XHKG,永升服务,ES SERVICES,"['sh', 'sz']",2018-12-17,0000-00-00,Active,2000.0,MainBoard,2026-05-21
01996.XHKG,弘阳地产,RSUN PPT,"['sh', 'sz']",2018-07-12,0000-00-00,Active,1000.0,MainBoard,2026-05-21
01997.XHKG,九龙仓置业,WHARF REIC,"['sh', 'sz']",2017-11-23,0000-00-00,Active,1000.0,MainBoard,2026-05-21
01999.XHKG,敏华控股,MAN WAH HLDGS,"['sh', 'sz']",2010-04-09,0000-00-00,Active,400.0,MainBoard,2026-05-21
02001.XHKG,新高教集团,NEW HIGHER EDU,['sz'],2017-04-19,0000-00-00,Active,1000.0,MainBoard,2026-05-21
02003.XHKG,维信金科,VCREDIT,['sz'],2018-06-21,0000-00-00,Active,200.0,MainBoard,2026-05-21
02005.XHKG,石四药集团,SSY GROUP,"['sh', 'sz']",2005-12-20,0000-00-00,Active,2000.0,MainBoard,2026-05-21
02007.XHKG,碧桂园,COUNTRY GARDEN,"['sh', 'sz']",2007-04-20,0000-00-00,Active,1000.0,MainBoard,2026-05-21
02008.XHKG,凤凰卫视,PHOENIX TV,['sh'],2008-12-05,0000-00-00,Active,1000.0,MainBoard,2026-05-21
02009.XHKG,金隅集团,BBMG,"['sh', 'sz']",2009-07-29,0000-00-00,Active,1000.0,MainBoard,2026-05-21
02013.XHKG,微盟集团,WEIMOB INC,"['sh', 'sz']",2019-01-15,0000-00-00,Active,1000.0,MainBoard,2026-05-21
02015.XHKG,理想汽车-W,LI AUTO-W,"['sh', 'sz']",2021-08-12,0000-00-00,Active,100.0,MainBoard,2026-05-21
02016.XHKG,浙商银行,CZBANK,"['sh', 'sz']",2016-03-30,0000-00-00,Active,1000.0,MainBoard,2026-05-21
02018.XHKG,瑞声科技,AAC TECH,"['sh', 'sz']",2005-08-09,0000-00-00,Active,500.0,MainBoard,2026-05-21
02020.XHKG,安踏体育,ANTA SPORTS,"['sh', 'sz']",2007-07-10,0000-00-00,Active,200.0,MainBoard,2026-05-21
02038.XHKG,富智康集团,FIH,"['sh', 'sz']",2005-02-03,0000-00-00,Active,1000.0,MainBoard,2026-05-21
02039.XHKG,中集集团,CIMC,"['sh', 'sz']",2012-12-19,0000-00-00,Active,100.0,MainBoard,2026-05-21
02048.XHKG,易居企业控股,E-HOUSE ENT,"['sh', 'sz']",2018-07-20,0000-00-00,Active,300.0,MainBoard,2026-05-21
02050.XHKG,三花智控,SANHUA,"['sh', 'sz']",2025-06-23,0000-00-00,Active,100.0,MainBoard,2026-05-21
02051.XHKG,VALA,VALA,['sz'],2018-07-13,0000-00-00,Active,10000.0,MainBoard,2026-05-21
02057.XHKG,中通快递-W,ZTO EXPRESS-W,"['sh', 'sz']",2020-09-29,0000-00-00,Active,50.0,MainBoard,2026-05-21
02068.XHKG,中铝国际,CHALIECO,"['sh', 'sz']",2012-07-06,0000-00-00,Active,1000.0,MainBoard,2026-05-21
02096.XHKG,先声药业,SIMCERE PHARMA,"['sh', 'sz']",2020-10-27,0000-00-00,Active,1000.0,MainBoard,2026-05-21
02097.XHKG,蜜雪集团,MIXUE GROUP,"['sh', 'sz']",2025-03-03,0000-00-00,Active,100.0,MainBoard,2026-05-21
02098.XHKG,卓尔智联,ZALL SMARTCOM,['sh'],2011-07-13,0000-00-00,Active,1000.0,MainBoard,2026-05-21
02099.XHKG,中国黄金国际,CHINAGOLDINTL,"['sh', 'sz']",2010-12-01,0000-00-00,Active,100.0,MainBoard,2026-05-21
02105.XHKG,来凯医药-B,LAEKNA-B,"['sh', 'sz']",2023-06-29,0000-00-00,Active,500.0,MainBoard,2026-05-21
02111.XHKG,超盈国际控股,BEST PACIFIC,['sz'],2014-05-23,0000-00-00,Active,2000.0,MainBoard,2026-05-21
02121.XHKG,创新奇智,AINNOVATION,"['sh', 'sz']",2022-01-27,0000-00-00,Active,100.0,MainBoard,2026-05-21
02126.XHKG,药明巨诺-B,JW THERAP-B,['sz'],2020-11-03,0000-00-00,Active,500.0,MainBoard,2026-05-21
02128.XHKG,中国联塑,CHINA LESSO,"['sh', 'sz']",2010-06-23,0000-00-00,Active,1000.0,MainBoard,2026-05-21
02137.XHKG,腾盛博药-B,BRII-B,"['sh', 'sz']",2021-07-13,0000-00-00,Active,500.0,MainBoard,2026-05-21
02138.XHKG,医思健康,EC HEALTHCARE,"['sh', 'sz']",2016-03-11,0000-00-00,Active,1000.0,MainBoard,2026-05-21
02142.XHKG,和铂医药-B,HBM HOLDINGS-B,['sz'],2020-12-10,0000-00-00,Active,1000.0,MainBoard,2026-05-21
02145.XHKG,上美股份,CHICMAX,"['sh', 'sz']",2022-12-22,0000-00-00,Active,100.0,MainBoard,2026-05-21
02150.XHKG,奈雪的茶,NAYUKI,"['sh', 'sz']",2021-06-30,0000-00-00,Active,500.0,MainBoard,2026-05-21
02155.XHKG,森松国际,MORIMATSU INTL,"['sh', 'sz']",2021-06-28,0000-00-00,Active,1000.0,MainBoard,2026-05-21
02157.XHKG,乐普生物,LEPU BIO,"['sh', 'sz']",2022-02-23,0000-00-00,Active,1000.0,MainBoard,2026-05-21
02158.XHKG,医渡科技,YIDU TECH,"['sh', 'sz']",2021-01-15,0000-00-00,Active,100.0,MainBoard,2026-05-21
02160.XHKG,微创心通-B,MP CARDIOFLOW-B,"['sh', 'sz']",2021-02-04,0000-00-00,Active,1000.0,MainBoard,2026-05-21
02162.XHKG,康诺亚-B,KEYMED BIO-B,"['sh', 'sz']",2021-07-08,0000-00-00,Active,500.0,MainBoard,2026-05-21
02168.XHKG,佳兆业美好,KAISA PROSPER,"['sh', 'sz']",2018-12-06,0000-00-00,Active,250.0,MainBoard,2026-05-21
02169.XHKG,沧港铁路,CANGGANGRAILWAY,"['sh', 'sz']",2020-10-23,0000-00-00,Active,2000.0,MainBoard,2026-05-21
02171.XHKG,科济药业-B,CARSGEN-B,"['sh', 'sz']",2021-06-18,0000-00-00,Active,500.0,MainBoard,2026-05-21
02172.XHKG,微创脑科学,MICROPORT NEURO,"['sh', 'sz']",2022-07-15,0000-00-00,Active,1000.0,MainBoard,2026-05-21
02186.XHKG,绿叶制药,LUYE PHARMA,"['sh', 'sz']",2014-07-09,0000-00-00,Active,500.0,MainBoard,2026-05-21
02192.XHKG,医脉通,MEDLIVE,"['sh', 'sz']",2021-07-15,0000-00-00,Active,500.0,MainBoard,2026-05-21
02196.XHKG,复星医药,FOSUN PHARMA,"['sh', 'sz']",2012-10-30,0000-00-00,Active,500.0,MainBoard,2026-05-21
02197.XHKG,三叶草生物-B,CLOVER BIO-B,"['sh', 'sz']",2021-11-05,0000-00-00,Active,500.0,MainBoard,2026-05-21
02199.XHKG,维珍妮,REGINA MIRACLE,"['sh', 'sz']",2015-10-08,0000-00-00,Active,1000.0,MainBoard,2026-05-21
02202.XHKG,万科企业,CHINA VANKE,"['sh', 'sz']",2014-06-25,0000-00-00,Active,100.0,MainBoard,2026-05-21
02208.XHKG,金风科技,GOLDWIND,"['sh', 'sz']",2010-10-08,0000-00-00,Active,200.0,MainBoard,2026-05-21
02218.XHKG,安德利果汁,ANDRE JUICE,"['sh', 'sz']",2011-01-19,0000-00-00,Active,500.0,MainBoard,2026-05-21
02228.XHKG,晶泰控股,XTALPI,"['sh', 'sz']",2024-06-13,0000-00-00,Active,1000.0,MainBoard,2026-05-21
02232.XHKG,晶苑国际,CRYSTAL INTL,"['sh', 'sz']",2017-11-03,0000-00-00,Active,500.0,MainBoard,2026-05-21
02233.XHKG,西部水泥,WESTCHINACEMENT,"['sh', 'sz']",2010-08-23,0000-00-00,Active,2000.0,MainBoard,2026-05-21
02238.XHKG,广汽集团,GAC GROUP,"['sh', 'sz']",2010-08-30,0000-00-00,Active,2000.0,MainBoard,2026-05-21
02246.XHKG,快狗打车,GOGOX,['sz'],2022-06-24,0000-00-00,Active,2000.0,MainBoard,2026-05-21
02252.XHKG,微创机器人-B,MEDBOT-B,"['sh', 'sz']",2021-11-02,0000-00-00,Active,500.0,MainBoard,2026-05-21
02255.XHKG,海昌海洋公园,HAICHANG HLDG,"['sh', 'sz']",2014-03-13,0000-00-00,Active,1000.0,MainBoard,2026-05-21
02257.XHKG,圣诺医药-B,SIRNAOMICS-B,"['sh', 'sz']",2021-12-30,0000-00-00,Active,50.0,MainBoard,2026-05-21
02259.XHKG,紫金黄金国际,ZIJIN GOLD INTL,"['sh', 'sz']",2025-09-30,0000-00-00,Active,100.0,MainBoard,2026-05-21
02268.XHKG,药明合联,WUXI XDC,"['sh', 'sz']",2023-11-17,0000-00-00,Active,500.0,MainBoard,2026-05-21
02269.XHKG,药明生物,WUXI BIO,"['sh', 'sz']",2017-06-13,0000-00-00,Active,500.0,MainBoard,2026-05-21
02273.XHKG,固生堂,GUSHENGTANG,"['sh', 'sz']",2021-12-10,0000-00-00,Active,100.0,MainBoard,2026-05-21
02276.XHKG,康耐特光学,CONANT OPTICAL,"['sh', 'sz']",2021-12-16,0000-00-00,Active,100.0,MainBoard,2026-05-21
02279.XHKG,雍禾医疗,YONGHE MEDICAL,"['sh', 'sz']",2021-12-13,0000-00-00,Active,500.0,MainBoard,2026-05-21
02280.XHKG,慧聪集团,HC GROUP,['sz'],2014-10-10,0000-00-00,Active,500.0,MainBoard,2026-05-21
02282.XHKG,美高梅中国,MGM CHINA,"['sh', 'sz']",2011-06-03,0000-00-00,Active,400.0,MainBoard,2026-05-21
02285.XHKG,泉峰控股,CHERVON,"['sh', 'sz']",2021-12-30,0000-00-00,Active,100.0,MainBoard,2026-05-21
02291.XHKG,心泰医疗,SCIENTECH,"['sh', 'sz']",2022-11-08,0000-00-00,Active,1000.0,MainBoard,2026-05-21
02298.XHKG,都市丽人,COSMO LADY,"['sh', 'sz']",2014-06-26,0000-00-00,Active,1000.0,MainBoard,2026-05-21
02313.XHKG,申洲国际,SHENZHOU INTL,"['sh', 'sz']",2005-11-24,0000-00-00,Active,100.0,MainBoard,2026-05-21
02314.XHKG,理文造纸,LEE & MAN PAPER,"['sh', 'sz']",2003-09-26,0000-00-00,Active,1000.0,MainBoard,2026-05-21
02315.XHKG,百奥赛图-B,BIOCYTOGEN-B,"['sh', 'sz']",2022-09-01,0000-00-00,Active,500.0,MainBoard,2026-05-21
02318.XHKG,中国平安,PING AN,"['sh', 'sz']",2004-06-24,0000-00-00,Active,500.0,MainBoard,2026-05-21
02319.XHKG,蒙牛乳业,MENGNIU DAIRY,"['sh', 'sz']",2004-06-10,0000-00-00,Active,1000.0,MainBoard,2026-05-21
02326.XHKG,新源万恒控股,NPE HOLDINGS,"['sh', 'sz']",2003-03-03,0000-00-00,Active,10000.0,MainBoard,2026-05-21
02328.XHKG,中国财险,PICC P&C,"['sh', 'sz']",2003-11-06,0000-00-00,Active,2000.0,MainBoard,2026-05-21
02329.XHKG,国瑞健康,GLORY HEALTH,"['sh', 'sz']",2014-07-07,0000-00-00,Active,1000.0,MainBoard,2026-05-21
02331.XHKG,李宁,LI NING,"['sh', 'sz']",2004-06-28,0000-00-00,Active,500.0,MainBoard,2026-05-21
02333.XHKG,长城汽车,GWMOTOR,"['sh', 'sz']",2003-12-15,0000-00-00,Active,500.0,MainBoard,2026-05-21
02338.XHKG,潍柴动力,WEICHAI POWER,"['sh', 'sz']",2004-03-11,0000-00-00,Active,1000.0,MainBoard,2026-05-21
02342.XHKG,京信通信,COMBA,['sz'],2003-07-15,0000-00-00,Active,2000.0,MainBoard,2026-05-21
02343.XHKG,太平洋航运,PACIFIC BASIN,"['sh', 'sz']",2004-07-14,0000-00-00,Active,1000.0,MainBoard,2026-05-21
02356.XHKG,大新银行集团,DAHSING BANKING,"['sh', 'sz']",2004-06-30,0000-00-00,Active,400.0,MainBoard,2026-05-21
02357.XHKG,中航科工,AVICHINA,"['sh', 'sz']",2003-10-30,0000-00-00,Active,1000.0,MainBoard,2026-05-21
02359.XHKG,药明康德,WUXI APPTEC,"['sh', 'sz']",2018-12-13,0000-00-00,Active,100.0,MainBoard,2026-05-21
02362.XHKG,金川国际,JINCHUAN INTL,"['sh', 'sz']",2003-10-27,0000-00-00,Active,1000.0,MainBoard,2026-05-21
02367.XHKG,巨子生物,GIANT BIOGENE,"['sh', 'sz']",2022-11-04,0000-00-00,Active,200.0,MainBoard,2026-05-21
02369.XHKG,酷派集团,COOLPAD GROUP,['sz'],2004-12-09,0000-00-00,Active,4000.0,MainBoard,2026-05-21
02378.XHKG,保诚,PRU,"['sh', 'sz']",2010-05-25,0000-00-00,Active,50.0,MainBoard,2026-05-21
02380.XHKG,中国电力,CHINA POWER,"['sh', 'sz']",2004-10-15,0000-00-00,Active,1000.0,MainBoard,2026-05-21
02382.XHKG,舜宇光学科技,SUNNY OPTICAL,"['sh', 'sz']",2007-06-15,0000-00-00,Active,100.0,MainBoard,2026-05-21
02386.XHKG,中石化炼化工程,SINOPEC SEG,"['sh', 'sz']",2013-05-23,0000-00-00,Active,500.0,MainBoard,2026-05-21
02388.XHKG,中银香港,BOC HONG KONG,"['sh', 'sz']",2002-07-25,0000-00-00,Active,500.0,MainBoard,2026-05-21
02400.XHKG,心动公司,XD INC,"['sh', 'sz']",2019-12-12,0000-00-00,Active,200.0,MainBoard,2026-05-21
02402.XHKG,亿华通,SINOHYTEC,"['sh', 'sz']",2023-01-12,0000-00-00,Active,50.0,MainBoard,2026-05-21
02407.XHKG,高视医疗,GAUSH MEDITECH,"['sh', 'sz']",2022-12-12,0000-00-00,Active,100.0,MainBoard,2026-05-21
02410.XHKG,同源康医药-B,TYK MEDICINES-B,"['sh', 'sz']",2024-08-20,0000-00-00,Active,500.0,MainBoard,2026-05-21
02411.XHKG,百果园集团,PAGODA GP,"['sh', 'sz']",2023-01-16,0000-00-00,Active,500.0,MainBoard,2026-05-21
02415.XHKG,梅斯健康,MEDSCI,"['sh', 'sz']",2023-04-27,0000-00-00,Active,250.0,MainBoard,2026-05-21
02416.XHKG,易点云,EDIANYUN,"['sh', 'sz']",2023-05-25,0000-00-00,Active,500.0,MainBoard,2026-05-21
02419.XHKG,德康农牧,DEKON AGR,"['sh', 'sz']",2023-12-06,0000-00-00,Active,100.0,MainBoard,2026-05-21
02423.XHKG,贝壳-W,BEKE-W,"['sh', 'sz']",2022-05-11,0000-00-00,Active,100.0,MainBoard,2026-05-21
02429.XHKG,友宝在线,UBOX ONLINE,"['sh', 'sz']",2023-11-03,0000-00-00,Active,500.0,MainBoard,2026-05-21
02431.XHKG,佑驾创新,MINIEYE,"['sh', 'sz']",2024-12-27,0000-00-00,Active,200.0,MainBoard,2026-05-21
02432.XHKG,越疆,DOBOT,"['sh', 'sz']",2024-12-23,0000-00-00,Active,200.0,MainBoard,2026-05-21
02443.XHKG,汽车街,AUTOSTREETS,"['sh', 'sz']",2024-05-31,0000-00-00,Active,200.0,MainBoard,2026-05-21
02453.XHKG,美中嘉和,CONCORD HC GP,"['sh', 'sz']",2024-01-09,0000-00-00,Active,200.0,MainBoard,2026-05-21
02460.XHKG,华润饮料,CR BEVERAGE,"['sh', 'sz']",2024-10-23,0000-00-00,Active,200.0,MainBoard,2026-05-21
02465.XHKG,龙蟠科技,LOPAL TECH,"['sh', 'sz']",2024-10-30,0000-00-00,Active,500.0,MainBoard,2026-05-21
02469.XHKG,粉笔,FENBI,"['sh', 'sz']",2023-01-09,0000-00-00,Active,500.0,MainBoard,2026-05-21
02473.XHKG,喜相逢集团,XXF,"['sh', 'sz']",2023-11-09,0000-00-00,Active,2500.0,MainBoard,2026-05-21
02476.XHKG,胜宏科技,VGT,"['sh', 'sz']",2026-04-21,0000-00-00,Active,100.0,MainBoard,2026-05-21
02477.XHKG,经纬天地(新),WELLCELL HOLD,"['sh', 'sz']",2024-01-12,0000-00-00,Active,800.0,MainBoard,2026-05-21
02487.XHKG,科笛-B,CUTIA-B,"['sh', 'sz']",2023-06-12,0000-00-00,Active,200.0,MainBoard,2026-05-21
02493.XHKG,迈威生物-B,MABWELL-B,"['sh', 'sz']",2026-04-28,0000-00-00,Active,200.0,MainBoard,2026-05-21
02498.XHKG,速腾聚创,ROBOSENSE,"['sh', 'sz']",2024-01-05,0000-00-00,Active,100.0,MainBoard,2026-05-21
02500.XHKG,启明医疗-B,VENUS MEDTECH-B,"['sh', 'sz']",2019-12-10,0000-00-00,Active,500.0,MainBoard,2026-05-21
02506.XHKG,讯飞医疗科技,XUNFEIHEALTH,"['sh', 'sz']",2024-12-30,0000-00-00,Active,50.0,MainBoard,2026-05-21
02507.XHKG,西锐,CIRRUS,"['sh', 'sz']",2024-07-12,0000-00-00,Active,100.0,MainBoard,2026-05-21
02510.XHKG,德翔海运,TS LINES,"['sh', 'sz']",2024-11-01,0000-00-00,Active,1000.0,MainBoard,2026-05-21
02511.XHKG,君圣泰医药-B,HIGHTIDE-B,"['sh', 'sz']",2023-12-22,0000-00-00,Active,500.0,MainBoard,2026-05-21
02517.XHKG,锅圈,GUOQUAN,"['sh', 'sz']",2023-11-02,0000-00-00,Active,400.0,MainBoard,2026-05-21
02522.XHKG,一脉阳光,RIMAG GROUP,"['sh', 'sz']",2024-06-07,0000-00-00,Active,500.0,MainBoard,2026-05-21
02525.XHKG,禾赛-W,HESAI-W,"['sh', 'sz']",2025-09-16,0000-00-00,Active,20.0,MainBoard,2026-05-21
02533.XHKG,黑芝麻智能,BLACK SESAME,"['sh', 'sz']",2024-08-08,0000-00-00,Active,100.0,MainBoard,2026-05-21
02550.XHKG,宜搜科技,EASOU TECH,"['sh', 'sz']",2024-06-07,0000-00-00,Active,500.0,MainBoard,2026-05-21
02555.XHKG,茶百道,CHABAIDAO,"['sh', 'sz']",2024-04-23,0000-00-00,Active,200.0,MainBoard,2026-05-21
02556.XHKG,迈富时,MARKETINGFORCE,"['sh', 'sz']",2024-05-16,0000-00-00,Active,100.0,MainBoard,2026-05-21
02562.XHKG,狮腾控股,SYNAGISTICS,"['sh', 'sz']",2022-08-15,0000-00-00,Active,500.0,MainBoard,2026-05-21
02565.XHKG,派格生物医药-B,PEGBIO CO-B,"['sh', 'sz']",2025-05-27,0000-00-00,Active,50.0,MainBoard,2026-05-21
02570.XHKG,重塑能源,REFIRE,"['sh', 'sz']",2024-12-06,0000-00-00,Active,20.0,MainBoard,2026-05-21
02575.XHKG,轩竹生物-B,XUANZHUBIO-B,"['sh', 'sz']",2025-10-15,0000-00-00,Active,500.0,MainBoard,2026-05-21
02577.XHKG,英诺赛科,INNOSCIENCE,"['sh', 'sz']",2024-12-30,0000-00-00,Active,100.0,MainBoard,2026-05-21
02579.XHKG,中伟新材,CNGR,"['sh', 'sz']",2025-11-17,0000-00-00,Active,200.0,MainBoard,2026-05-21
02580.XHKG,奥克斯电气,AUX ELECTRIC,"['sh', 'sz']",2025-09-02,0000-00-00,Active,200.0,MainBoard,2026-05-21
02582.XHKG,国富氢能,GUOFUHEE,"['sh', 'sz']",2024-11-15,0000-00-00,Active,50.0,MainBoard,2026-05-21
02583.XHKG,西普尼,HIPINE,"['sh', 'sz']",2025-09-30,0000-00-00,Active,100.0,MainBoard,2026-05-21
02586.XHKG,多点数智,DMALL,"['sh', 'sz']",2024-12-06,0000-00-00,Active,100.0,MainBoard,2026-05-21
02587.XHKG,健康之路,HEALTHYWAY INC,"['sh', 'sz']",2024-12-30,0000-00-00,Active,500.0,MainBoard,2026-05-21
02588.XHKG,中银航空租赁,BOC AVIATION,"['sh', 'sz']",2016-06-01,0000-00-00,Active,100.0,MainBoard,2026-05-21
02589.XHKG,沪上阿姨,AUNTEA JENNY,"['sh', 'sz']",2025-05-08,0000-00-00,Active,30.0,MainBoard,2026-05-21
02590.XHKG,极智嘉-W,GEEKPLUS-W,"['sh', 'sz']",2025-07-09,0000-00-00,Active,200.0,MainBoard,2026-05-21
02591.XHKG,银诺医药-B,INNOGEN-B,"['sh', 'sz']",2025-08-15,0000-00-00,Active,200.0,MainBoard,2026-05-21
02595.XHKG,劲方医药-B,GENFLEET-B,"['sh', 'sz']",2025-09-19,0000-00-00,Active,200.0,MainBoard,2026-05-21
02600.XHKG,中国铝业,CHALCO,"['sh', 'sz']",2001-12-12,0000-00-00,Active,2000.0,MainBoard,2026-05-21
02601.XHKG,中国太保,CPIC,"['sh', 'sz']",2009-12-23,0000-00-00,Active,200.0,MainBoard,2026-05-21
02602.XHKG,万物云,ONEWO,"['sh', 'sz']",2022-09-29,0000-00-00,Active,100.0,MainBoard,2026-05-21
02603.XHKG,吉宏股份,JIHONG CO,"['sh', 'sz']",2025-05-27,0000-00-00,Active,500.0,MainBoard,2026-05-21
02607.XHKG,上海医药,SH PHARMA,"['sh', 'sz']",2011-05-20,0000-00-00,Active,100.0,MainBoard,2026-05-21
02609.XHKG,佰泽医疗,BAYZED HEALTH,"['sh', 'sz']",2025-06-23,0000-00-00,Active,600.0,MainBoard,2026-05-21
02610.XHKG,南山铝业国际,NANSHAN AL INTL,"['sh', 'sz']",2025-03-25,0000-00-00,Active,100.0,MainBoard,2026-05-21
02611.XHKG,国泰海通,GTHT,"['sh', 'sz']",2017-04-11,0000-00-00,Active,200.0,MainBoard,2026-05-21
02616.XHKG,基石药业-B,CSTONE PHARMA-B,"['sh', 'sz']",2019-02-26,0000-00-00,Active,500.0,MainBoard,2026-05-21
02617.XHKG,药捷安康-B,TRANSTHERA-B,"['sh', 'sz']",2025-06-23,0000-00-00,Active,500.0,MainBoard,2026-05-21
02618.XHKG,京东物流,JD LOGISTICS,"['sh', 'sz']",2021-05-28,0000-00-00,Active,100.0,MainBoard,2026-05-21
02627.XHKG,中慧生物-B,AB&B BIO-TECH-B,"['sh', 'sz']",2025-08-11,0000-00-00,Active,200.0,MainBoard,2026-05-21
02628.XHKG,中国人寿,CHINA LIFE,"['sh', 'sz']",2003-12-18,0000-00-00,Active,1000.0,MainBoard,2026-05-21
02629.XHKG,MIRXES-B,MIRXES-B,"['sh', 'sz']",2025-05-23,0000-00-00,Active,100.0,MainBoard,2026-05-21
02631.XHKG,天岳先进,SICC,"['sh', 'sz']",2025-08-20,0000-00-00,Active,100.0,MainBoard,2026-05-21
02635.XHKG,诺比侃,NUOBIKAN,"['sh', 'sz']",2025-12-23,0000-00-00,Active,100.0,MainBoard,2026-05-21
02637.XHKG,海西新药,HAIXI PHARMA,"['sh', 'sz']",2025-10-20,0000-00-00,Active,50.0,MainBoard,2026-05-21
02643.XHKG,曹操出行,CAOCAO INC,"['sh', 'sz']",2025-06-25,0000-00-00,Active,100.0,MainBoard,2026-05-21
02648.XHKG,安井食品,ANJOY FOOD,"['sh', 'sz']",2025-07-04,0000-00-00,Active,100.0,MainBoard,2026-05-21
02650.XHKG,挚达科技,ZHIDA TECH,"['sh', 'sz']",2025-10-10,0000-00-00,Active,50.0,MainBoard,2026-05-21
02652.XHKG,长风药业,CF PHARMTECH,"['sh', 'sz']",2025-10-08,0000-00-00,Active,500.0,MainBoard,2026-05-21
02655.XHKG,果下科技,GUOXIA TECH,"['sh', 'sz']",2025-12-16,0000-00-00,Active,100.0,MainBoard,2026-05-21
02656.XHKG,健康160,160 HEALTH,"['sh', 'sz']",2025-09-17,0000-00-00,Active,250.0,MainBoard,2026-05-21
02659.XHKG,宝济药业-B,BAO PHARMA-B,"['sh', 'sz']",2025-12-10,0000-00-00,Active,100.0,MainBoard,2026-05-21
02661.XHKG,轻松健康,QINGSONG HEALTH,"['sh', 'sz']",2025-12-23,0000-00-00,Active,200.0,MainBoard,2026-05-21
02665.XHKG,图达通,SEYOND,"['sh', 'sz']",2025-12-10,0000-00-00,Active,500.0,MainBoard,2026-05-21
02666.XHKG,环球医疗,UNI MEDICAL,"['sh', 'sz']",2015-07-08,0000-00-00,Active,500.0,MainBoard,2026-05-21
02669.XHKG,中海物业,CHINA OVS PPT,"['sh', 'sz']",2015-10-23,0000-00-00,Active,5000.0,MainBoard,2026-05-21
02676.XHKG,纳芯微,NOVOSENSE,"['sh', 'sz']",2025-12-08,0000-00-00,Active,100.0,MainBoard,2026-05-21
02678.XHKG,天虹国际集团,TEXHONG INTL GP,"['sh', 'sz']",2004-12-09,0000-00-00,Active,500.0,MainBoard,2026-05-21
02685.XHKG,量化派,QUANTGROUP,"['sh', 'sz']",2025-11-27,0000-00-00,Active,500.0,MainBoard,2026-05-21
02687.XHKG,卓越睿新,ABLE DIGITAL,"['sh', 'sz']",2025-12-08,0000-00-00,Active,100.0,MainBoard,2026-05-21
02688.XHKG,新奥能源,ENN ENERGY,"['sh', 'sz']",2002-06-03,0000-00-00,Active,100.0,MainBoard,2026-05-21
02689.XHKG,玖龙纸业,ND PAPER,"['sh', 'sz']",2006-03-03,0000-00-00,Active,1000.0,MainBoard,2026-05-21
02691.XHKG,南华期货股份,NANHUA FUTURES,"['sh', 'sz']",2025-12-22,0000-00-00,Active,500.0,MainBoard,2026-05-21
02692.XHKG,兆威机电,ZHAOWEI,"['sh', 'sz']",2026-03-09,0000-00-00,Active,100.0,MainBoard,2026-05-21
02698.XHKG,乐舒适,SOFTCARE,"['sh', 'sz']",2025-11-10,0000-00-00,Active,200.0,MainBoard,2026-05-21
02701.XHKG,国民技术,NSING TECH,"['sh', 'sz']",2026-03-23,0000-00-00,Active,200.0,MainBoard,2026-05-21
02714.XHKG,牧原股份,MUYUAN,"['sh', 'sz']",2026-02-06,0000-00-00,Active,100.0,MainBoard,2026-05-21
02715.XHKG,埃斯顿,ESTUN,"['sh', 'sz']",2026-03-09,0000-00-00,Active,200.0,MainBoard,2026-05-21
02727.XHKG,上海电气,SH ELECTRIC,"['sh', 'sz']",2005-04-28,0000-00-00,Active,2000.0,MainBoard,2026-05-21
02768.XHKG,国恩科技,GON TECHNOLOGY,"['sh', 'sz']",2026-02-04,0000-00-00,Active,200.0,MainBoard,2026-05-21
02772.XHKG,中梁控股,ZHONGLIANG HLDG,"['sh', 'sz']",2019-07-16,0000-00-00,Active,500.0,MainBoard,2026-05-21
02777.XHKG,富力地产,R&F PROPERTIES,"['sh', 'sz']",2005-07-14,0000-00-00,Active,400.0,MainBoard,2026-05-21
02788.XHKG,创新实业,CHUANGXIN IND,"['sh', 'sz']",2025-11-24,0000-00-00,Active,500.0,MainBoard,2026-05-21
02798.XHKG,久泰邦达能源,PER ENERGY,['sz'],2018-12-12,0000-00-00,Active,5000.0,MainBoard,2026-05-21
02799.XHKG,中信金融资产,CITIC FAMC,"['sh', 'sz']",2015-10-30,0000-00-00,Active,1000.0,MainBoard,2026-05-21
02858.XHKG,易鑫集团,YIXIN,"['sh', 'sz']",2017-11-16,0000-00-00,Active,500.0,MainBoard,2026-05-21
02865.XHKG,钧达股份,DRINDA,"['sh', 'sz']",2025-05-08,0000-00-00,Active,100.0,MainBoard,2026-05-21
02866.XHKG,中远海发,COSCO SHIP DEV,"['sh', 'sz']",2004-06-16,0000-00-00,Active,1000.0,MainBoard,2026-05-21
02869.XHKG,绿城服务,GREENTOWN SER,"['sh', 'sz']",2016-07-12,0000-00-00,Active,2000.0,MainBoard,2026-05-21
02877.XHKG,神威药业,SHINEWAY PHARM,"['sh', 'sz']",2004-12-02,0000-00-00,Active,1000.0,MainBoard,2026-05-21
02880.XHKG,辽港股份,LIAONING PORT,"['sh', 'sz']",2006-04-28,0000-00-00,Active,2000.0,MainBoard,2026-05-21
02883.XHKG,中海油田服务,CHINA OILFIELD,"['sh', 'sz']",2002-11-20,0000-00-00,Active,2000.0,MainBoard,2026-05-21
02888.XHKG,渣打集团,STANCHART,"['sh', 'sz']",2002-10-31,0000-00-00,Active,50.0,MainBoard,2026-05-21
02889.XHKG,博泰车联,PATEO,"['sh', 'sz']",2025-09-30,0000-00-00,Active,20.0,MainBoard,2026-05-21
02899.XHKG,紫金矿业,ZIJIN MINING,"['sh', 'sz']",2003-12-23,0000-00-00,Active,2000.0,MainBoard,2026-05-21
03200.XHKG,大族数控,HANS CNC,"['sh', 'sz']",2026-02-06,0000-00-00,Active,100.0,MainBoard,2026-05-21
03268.XHKG,美格智能,MEIG,"['sh', 'sz']",2026-03-10,0000-00-00,Active,100.0,MainBoard,2026-05-21
03288.XHKG,海天味业,HAITIAN FLAV,"['sh', 'sz']",2025-06-19,0000-00-00,Active,100.0,MainBoard,2026-05-21
03296.XHKG,华勤技术,HUAQIN,"['sh', 'sz']",2026-04-23,0000-00-00,Active,100.0,MainBoard,2026-05-21
03301.XHKG,融信中国,RONSHINECHINA,"['sh', 'sz']",2016-01-13,0000-00-00,Active,500.0,MainBoard,2026-05-21
03306.XHKG,江南布衣,JNBY,"['sh', 'sz']",2016-10-31,0000-00-00,Active,500.0,MainBoard,2026-05-21
03309.XHKG,希玛医疗,C-MER MEDICAL,"['sh', 'sz']",2018-01-15,0000-00-00,Active,2000.0,MainBoard,2026-05-21
03311.XHKG,中国建筑国际,CHINA STATE CON,"['sh', 'sz']",2005-07-08,0000-00-00,Active,2000.0,MainBoard,2026-05-21
03317.XHKG,迅策,XUNCE,"['sh', 'sz']",2025-12-30,0000-00-00,Active,100.0,MainBoard,2026-05-21
03319.XHKG,雅生活服务,A-LIVING,"['sh', 'sz']",2018-02-09,0000-00-00,Active,250.0,MainBoard,2026-05-21
03320.XHKG,华润医药,CHINARES PHARMA,"['sh', 'sz']",2016-10-28,0000-00-00,Active,500.0,MainBoard,2026-05-21
03323.XHKG,中国建材,CNBM,"['sh', 'sz']",2006-03-23,0000-00-00,Active,2000.0,MainBoard,2026-05-21
03328.XHKG,交通银行,BANKCOMM,"['sh', 'sz']",2005-06-23,0000-00-00,Active,1000.0,MainBoard,2026-05-21
03329.XHKG,交银国际,BOCOM INTL,['sz'],2017-05-19,0000-00-00,Active,1000.0,MainBoard,2026-05-21
03330.XHKG,灵宝黄金,LINGBAO GOLD,"['sh', 'sz']",2006-01-12,0000-00-00,Active,100.0,MainBoard,2026-05-21
03339.XHKG,中国龙工,LONKING,"['sh', 'sz']",2005-11-17,0000-00-00,Active,1000.0,MainBoard,2026-05-21
03347.XHKG,泰格医药,TIGERMED,"['sh', 'sz']",2020-08-07,0000-00-00,Active,100.0,MainBoard,2026-05-21
03360.XHKG,远东宏信,FE HORIZON,"['sh', 'sz']",2011-03-30,0000-00-00,Active,1000.0,MainBoard,2026-05-21
03368.XHKG,百盛集团,PARKSON GROUP,['sh'],2005-11-30,0000-00-00,Active,500.0,MainBoard,2026-05-21
03369.XHKG,秦港股份,QHD PORT,"['sh', 'sz']",2013-12-12,0000-00-00,Active,500.0,MainBoard,2026-05-21
03377.XHKG,远洋集团,SINO-OCEAN GP,"['sh', 'sz']",2007-09-28,0000-00-00,Active,500.0,MainBoard,2026-05-21
03380.XHKG,龙光集团,LOGAN GROUP,"['sh', 'sz']",2013-12-20,0000-00-00,Active,1000.0,MainBoard,2026-05-21
03382.XHKG,天津港发展,TIANJINPORT DEV,['sz'],2006-05-24,0000-00-00,Active,2000.0,MainBoard,2026-05-21
03383.XHKG,雅居乐集团,AGILE GROUP,"['sh', 'sz']",2005-12-15,0000-00-00,Active,2000.0,MainBoard,2026-05-21
03389.XHKG,亨得利,HENGDELI,['sh'],2005-09-26,0000-00-00,Active,4000.0,MainBoard,2026-05-21
03393.XHKG,威胜控股,WASION HOLDINGS,"['sh', 'sz']",2005-12-19,0000-00-00,Active,2000.0,MainBoard,2026-05-21
03396.XHKG,联想控股,LEGENDHOLDING,"['sh', 'sz']",2015-06-29,0000-00-00,Active,100.0,MainBoard,2026-05-21
03606.XHKG,福耀玻璃,FUYAO GLASS,"['sh', 'sz']",2015-03-31,0000-00-00,Active,400.0,MainBoard,2026-05-21
03613.XHKG,同仁堂国药,TONGRENTANGCM,"['sh', 'sz']",2018-05-29,0000-00-00,Active,1000.0,MainBoard,2026-05-21
03618.XHKG,重庆农村商业银行,CQRC BANK,"['sh', 'sz']",2010-12-16,0000-00-00,Active,1000.0,MainBoard,2026-05-21
03633.XHKG,中裕能源,ZHONGYU ENERGY,"['sh', 'sz']",2012-07-11,0000-00-00,Active,1000.0,MainBoard,2026-05-21
03650.XHKG,KEEP,KEEP,"['sh', 'sz']",2023-07-12,0000-00-00,Active,100.0,MainBoard,2026-05-21
03668.XHKG,兖煤澳大利亚,YANCOAL AUS,"['sh', 'sz']",2018-12-06,0000-00-00,Active,100.0,MainBoard,2026-05-21
03669.XHKG,永达汽车,YONGDA AUTO,"['sh', 'sz']",2012-07-12,0000-00-00,Active,500.0,MainBoard,2026-05-21
03677.XHKG,正力新能,ZENERGY,"['sh', 'sz']",2025-04-14,0000-00-00,Active,300.0,MainBoard,2026-05-21
03678.XHKG,弘业期货,HOLLY FUTURES,"['sh', 'sz']",2015-12-30,0000-00-00,Active,1000.0,MainBoard,2026-05-21
03690.XHKG,美团-W,MEITUAN-W,"['sh', 'sz']",2018-09-20,0000-00-00,Active,100.0,MainBoard,2026-05-21
03692.XHKG,翰森制药,HANSOH PHARMA,"['sh', 'sz']",2019-06-14,0000-00-00,Active,2000.0,MainBoard,2026-05-21
03696.XHKG,英矽智能,INSILICO,"['sh', 'sz']",2025-12-30,0000-00-00,Active,500.0,MainBoard,2026-05-21
03698.XHKG,徽商银行,HUISHANG BANK,"['sh', 'sz']",2013-11-12,0000-00-00,Active,1000.0,MainBoard,2026-05-21
03699.XHKG,光大永年,EB GRAND CHINA,['sh'],2018-01-16,0000-00-00,Active,2000.0,MainBoard,2026-05-21
03709.XHKG,赢家时尚,EEKA FASHION,"['sh', 'sz']",2014-06-27,0000-00-00,Active,500.0,MainBoard,2026-05-21
03738.XHKG,阜博集团,VOBILE GROUP,"['sh', 'sz']",2018-01-04,0000-00-00,Active,1000.0,MainBoard,2026-05-21
03750.XHKG,宁德时代,CATL,"['sh', 'sz']",2025-05-20,0000-00-00,Active,100.0,MainBoard,2026-05-21
03759.XHKG,康龙化成,PHARMARON,"['sh', 'sz']",2019-11-28,0000-00-00,Active,100.0,MainBoard,2026-05-21
03788.XHKG,罕王黄金,HANKING GOLD,['sz'],2011-09-30,0000-00-00,Active,1000.0,MainBoard,2026-05-21
03800.XHKG,协鑫科技,GCL TECH,"['sh', 'sz']",2007-11-13,0000-00-00,Active,1000.0,MainBoard,2026-05-21
03808.XHKG,中国重汽,SINOTRUK,"['sh', 'sz']",2007-11-28,0000-00-00,Active,500.0,MainBoard,2026-05-21
03813.XHKG,宝胜国际,POU SHENG INT'L,['sz'],2008-06-06,0000-00-00,Active,1000.0,MainBoard,2026-05-21
03818.XHKG,中国动向,CHINA DONGXIANG,['sz'],2007-10-10,0000-00-00,Active,1000.0,MainBoard,2026-05-21
03836.XHKG,和谐汽车,HARMONY AUTO,['sz'],2013-06-13,0000-00-00,Active,500.0,MainBoard,2026-05-21
03858.XHKG,佳鑫国际资源,JIAXIN INTL RES,"['sh', 'sz']",2025-08-28,0000-00-00,Active,400.0,MainBoard,2026-05-21
03866.XHKG,青岛银行,BQD,"['sh', 'sz']",2015-12-03,0000-00-00,Active,500.0,MainBoard,2026-05-21
03868.XHKG,信义能源,XINYI ENERGY,"['sh', 'sz']",2019-05-28,0000-00-00,Active,2000.0,MainBoard,2026-05-21
03877.XHKG,中国船舶租赁,CSSC SHIPPING,"['sh', 'sz']",2019-06-17,0000-00-00,Active,2000.0,MainBoard,2026-05-21
03881.XHKG,希迪智驾,CIDI,"['sh', 'sz']",2025-12-19,0000-00-00,Active,100.0,MainBoard,2026-05-21
03883.XHKG,中国奥园,CHINA AOYUAN,"['sh', 'sz']",2007-10-09,0000-00-00,Active,1000.0,MainBoard,2026-05-21
03886.XHKG,康健国际医疗,TOWN HEALTH,"['sh', 'sz']",2008-08-12,0000-00-00,Active,2000.0,MainBoard,2026-05-21
03888.XHKG,金山软件,KINGSOFT,"['sh', 'sz']",2007-10-09,0000-00-00,Active,200.0,MainBoard,2026-05-21
03896.XHKG,金山云,KINGSOFT CLOUD,"['sh', 'sz']",2022-12-30,0000-00-00,Active,2000.0,MainBoard,2026-05-21
03898.XHKG,时代电气,TIMES ELECTRIC,"['sh', 'sz']",2006-12-20,0000-00-00,Active,100.0,MainBoard,2026-05-21
03899.XHKG,中集安瑞科,CIMC ENRIC,"['sh', 'sz']",2006-07-20,0000-00-00,Active,2000.0,MainBoard,2026-05-21
03900.XHKG,绿城中国,GREENTOWN CHINA,"['sh', 'sz']",2006-07-13,0000-00-00,Active,500.0,MainBoard,2026-05-21
03908.XHKG,中金公司,CICC,"['sh', 'sz']",2015-11-09,0000-00-00,Active,400.0,MainBoard,2026-05-21
03913.XHKG,合景悠活,KWG LIVING,"['sh', 'sz']",2020-10-30,0000-00-00,Active,1000.0,MainBoard,2026-05-21
03918.XHKG,金界控股,NAGACORP,"['sh', 'sz']",2006-10-19,0000-00-00,Active,2000.0,MainBoard,2026-05-21
03931.XHKG,中创新航,CALB,"['sh', 'sz']",2022-10-06,0000-00-00,Active,100.0,MainBoard,2026-05-21
03933.XHKG,联邦制药,UNITED LAB,"['sh', 'sz']",2007-06-15,0000-00-00,Active,2000.0,MainBoard,2026-05-21
03939.XHKG,万国黄金集团,WANGUO GOLD GP,"['sh', 'sz']",2012-07-10,0000-00-00,Active,500.0,MainBoard,2026-05-21
03958.XHKG,东方证券,DFZQ,"['sh', 'sz']",2016-07-08,0000-00-00,Active,400.0,MainBoard,2026-05-21
03968.XHKG,招商银行,CM BANK,"['sh', 'sz']",2006-09-22,0000-00-00,Active,500.0,MainBoard,2026-05-21
03969.XHKG,中国通号,CHINA CRSC,"['sh', 'sz']",2015-08-07,0000-00-00,Active,1000.0,MainBoard,2026-05-21
03986.XHKG,兆易创新,GIGADEVICE,"['sh', 'sz']",2026-01-13,0000-00-00,Active,100.0,MainBoard,2026-05-21
03988.XHKG,中国银行,BANK OF CHINA,"['sh', 'sz']",2006-06-01,0000-00-00,Active,1000.0,MainBoard,2026-05-21
03990.XHKG,美的置业,MIDEA REAL EST,"['sh', 'sz']",2018-10-11,0000-00-00,Active,200.0,MainBoard,2026-05-21
03993.XHKG,洛阳钼业,CMOC,"['sh', 'sz']",2007-04-26,0000-00-00,Active,3000.0,MainBoard,2026-05-21
03996.XHKG,中国能源建设,CH ENERGY ENG,"['sh', 'sz']",2015-12-10,0000-00-00,Active,2000.0,MainBoard,2026-05-21
03998.XHKG,波司登,BOSIDENG,"['sh', 'sz']",2007-10-11,0000-00-00,Active,2000.0,MainBoard,2026-05-21
06030.XHKG,中信证券,CITIC SEC,"['sh', 'sz']",2011-10-06,0000-00-00,Active,500.0,MainBoard,2026-05-21
06031.XHKG,三一重工,SANY HEAVY IND,"['sh', 'sz']",2025-10-28,0000-00-00,Active,200.0,MainBoard,2026-05-21
06049.XHKG,保利物业,POLY PPT SER,"['sh', 'sz']",2019-12-19,0000-00-00,Active,200.0,MainBoard,2026-05-21
06055.XHKG,中烟香港,CTIHK,"['sh', 'sz']",2019-06-12,0000-00-00,Active,1000.0,MainBoard,2026-05-21
06060.XHKG,众安在线,ZA ONLINE,"['sh', 'sz']",2017-09-28,0000-00-00,Active,100.0,MainBoard,2026-05-21
06066.XHKG,中信建投证券,CSC,"['sh', 'sz']",2016-12-09,0000-00-00,Active,500.0,MainBoard,2026-05-21
06068.XHKG,光正教育,WISDOM EDU INTL,['sz'],2017-01-26,0000-00-00,Active,2000.0,MainBoard,2026-05-21
06069.XHKG,盛业,SY HOLDINGS,"['sh', 'sz']",2019-10-24,0000-00-00,Active,500.0,MainBoard,2026-05-21
06078.XHKG,海吉亚医疗,HYGEIA HEALTH,"['sh', 'sz']",2020-06-29,0000-00-00,Active,200.0,MainBoard,2026-05-21
06086.XHKG,方舟健客,FANGZHOU JIANKE,"['sh', 'sz']",2024-07-09,0000-00-00,Active,500.0,MainBoard,2026-05-21
06088.XHKG,FITHONTENG,FIT HON TENG,"['sh', 'sz']",2017-07-13,0000-00-00,Active,1000.0,MainBoard,2026-05-21
06090.XHKG,不同集团,BUTONG GROUP,"['sh', 'sz']",2025-09-23,0000-00-00,Active,100.0,MainBoard,2026-05-21
06098.XHKG,碧桂园服务,CG SERVICES,"['sh', 'sz']",2018-06-19,0000-00-00,Active,1000.0,MainBoard,2026-05-21
06099.XHKG,招商证券,CMSC,"['sh', 'sz']",2016-10-07,0000-00-00,Active,200.0,MainBoard,2026-05-21
06100.XHKG,同道猎聘,TONGDAO LIEPIN,"['sh', 'sz']",2018-06-29,0000-00-00,Active,200.0,MainBoard,2026-05-21
06110.XHKG,滔搏,TOPSPORTS,"['sh', 'sz']",2019-10-10,0000-00-00,Active,1000.0,MainBoard,2026-05-21
06127.XHKG,昭衍新药,JOINN,"['sh', 'sz']",2021-02-26,0000-00-00,Active,100.0,MainBoard,2026-05-21
06158.XHKG,正荣地产,ZHENRO PPT,"['sh', 'sz']",2018-01-16,0000-00-00,Active,1000.0,MainBoard,2026-05-21
06160.XHKG,百济神州,BEONE MEDICINES,"['sh', 'sz']",2018-08-08,0000-00-00,Active,100.0,MainBoard,2026-05-21
06166.XHKG,剑桥科技,CIG,"['sh', 'sz']",2025-10-28,0000-00-00,Active,50.0,MainBoard,2026-05-21
06168.XHKG,周六福,ZHOU LIU FU,"['sh', 'sz']",2025-06-26,0000-00-00,Active,100.0,MainBoard,2026-05-21
06169.XHKG,宇华教育,YUHUA EDU,"['sh', 'sz']",2017-02-28,0000-00-00,Active,2000.0,MainBoard,2026-05-21
06178.XHKG,光大证券,EB SECURITIES,"['sh', 'sz']",2016-08-18,0000-00-00,Active,200.0,MainBoard,2026-05-21
06181.XHKG,老铺黄金,LAOPU GOLD,"['sh', 'sz']",2024-06-28,0000-00-00,Active,100.0,MainBoard,2026-05-21
06185.XHKG,康希诺生物,CANSINOBIO,"['sh', 'sz']",2019-03-28,0000-00-00,Active,200.0,MainBoard,2026-05-21
06186.XHKG,中国飞鹤,CHINA FEIHE,"['sh', 'sz']",2019-11-13,0000-00-00,Active,1000.0,MainBoard,2026-05-21
06196.XHKG,郑州银行,BANKOFZHENGZHOU,"['sh', 'sz']",2015-12-23,0000-00-00,Active,1000.0,MainBoard,2026-05-21
06198.XHKG,青岛港,QINGDAO PORT,"['sh', 'sz']",2014-06-06,0000-00-00,Active,1000.0,MainBoard,2026-05-21
06199.XHKG,贵州银行,BANK OF GUIZHOU,['sh'],2019-12-30,0000-00-00,Active,1000.0,MainBoard,2026-05-21
06600.XHKG,卧安机器人,ONEROBOTICS,"['sh', 'sz']",2025-12-30,0000-00-00,Active,100.0,MainBoard,2026-05-21
06601.XHKG,朝云集团,CHEERWIN GP,['sz'],2021-03-10,0000-00-00,Active,500.0,MainBoard,2026-05-21
06603.XHKG,IFBH,IFBH,"['sh', 'sz']",2025-06-30,0000-00-00,Active,200.0,MainBoard,2026-05-21
06610.XHKG,飞天云动,FLOWING CLOUD,"['sh', 'sz']",2022-10-18,0000-00-00,Active,1000.0,MainBoard,2026-05-21
06613.XHKG,蓝思科技,LENS,"['sh', 'sz']",2025-07-09,0000-00-00,Active,200.0,MainBoard,2026-05-21
06616.XHKG,环球新材国际,GLOBAL NEW MAT,"['sh', 'sz']",2021-07-16,0000-00-00,Active,1000.0,MainBoard,2026-05-21
06618.XHKG,京东健康,JD HEALTH,"['sh', 'sz']",2020-12-08,0000-00-00,Active,50.0,MainBoard,2026-05-21
06623.XHKG,陆控,LUFAX,"['sh', 'sz']",2023-04-14,0000-00-00,Active,100.0,MainBoard,2026-05-21
06639.XHKG,瑞尔集团,ARRAIL GROUP,"['sh', 'sz']",2022-03-22,0000-00-00,Active,500.0,MainBoard,2026-05-21
06651.XHKG,五一视界,51WORLD,"['sh', 'sz']",2025-12-30,0000-00-00,Active,200.0,MainBoard,2026-05-21
06655.XHKG,华新建材,HX BLDG MAT,"['sh', 'sz']",2022-03-28,0000-00-00,Active,100.0,MainBoard,2026-05-21
06660.XHKG,艾美疫苗,AIM VACCINE,"['sh', 'sz']",2022-10-06,0000-00-00,Active,200.0,MainBoard,2026-05-21
06666.XHKG,恒大物业,EVERG SERVICES,"['sh', 'sz']",2020-12-02,0000-00-00,Active,500.0,MainBoard,2026-05-21
06680.XHKG,金力永磁,JLMAG,"['sh', 'sz']",2022-01-14,0000-00-00,Active,200.0,MainBoard,2026-05-21
06681.XHKG,脑动极光-B,BRAINAURORA-B,"['sh', 'sz']",2025-01-08,0000-00-00,Active,1000.0,MainBoard,2026-05-21
06682.XHKG,范式智能,PHANCY,"['sh', 'sz']",2023-09-28,0000-00-00,Active,100.0,MainBoard,2026-05-21
06683.XHKG,巨星传奇,STARPLUS LEGEND,"['sh', 'sz']",2023-07-13,0000-00-00,Active,500.0,MainBoard,2026-05-21
06687.XHKG,聚水潭,JST GROUP,"['sh', 'sz']",2025-10-21,0000-00-00,Active,100.0,MainBoard,2026-05-21
06690.XHKG,海尔智家,HAIER SMARTHOME,"['sh', 'sz']",2020-12-23,0000-00-00,Active,200.0,MainBoard,2026-05-21
06693.XHKG,赤峰黄金,CHIFENG GOLD,"['sh', 'sz']",2025-03-10,0000-00-00,Active,200.0,MainBoard,2026-05-21
06698.XHKG,星空华文,STAR CM,"['sh', 'sz']",2022-12-29,0000-00-00,Active,100.0,MainBoard,2026-05-21
06699.XHKG,时代天使,ANGELALIGN,"['sh', 'sz']",2021-06-16,0000-00-00,Active,200.0,MainBoard,2026-05-21
06806.XHKG,申万宏源,SWHY,"['sh', 'sz']",2019-04-26,0000-00-00,Active,800.0,MainBoard,2026-05-21
06808.XHKG,高鑫零售,SUNART RETAIL,"['sh', 'sz']",2011-07-27,0000-00-00,Active,500.0,MainBoard,2026-05-21
06809.XHKG,澜起科技,MONTAGE TECH,"['sh', 'sz']",2026-02-09,0000-00-00,Active,100.0,MainBoard,2026-05-21
06818.XHKG,中国光大银行,CEB BANK,"['sh', 'sz']",2013-12-20,0000-00-00,Active,1000.0,MainBoard,2026-05-21
06821.XHKG,凯莱英,ASYMCHEM,"['sh', 'sz']",2021-12-10,0000-00-00,Active,100.0,MainBoard,2026-05-21
06826.XHKG,昊海生物科技,HAOHAI BIOTEC,"['sh', 'sz']",2015-04-30,0000-00-00,Active,100.0,MainBoard,2026-05-21
06828.XHKG,北京燃气蓝天,BG BLUE SKY,['sz'],2011-07-12,0000-00-00,Active,8000.0,MainBoard,2026-05-21
06855.XHKG,亚盛医药-B,ASCENTAGE-B,"['sh', 'sz']",2019-10-28,0000-00-00,Active,100.0,MainBoard,2026-05-21
06862.XHKG,海底捞,HAIDILAO,"['sh', 'sz']",2018-09-26,0000-00-00,Active,1000.0,MainBoard,2026-05-21
06865.XHKG,福莱特玻璃,FLAT GLASS,"['sh', 'sz']",2015-11-26,0000-00-00,Active,1000.0,MainBoard,2026-05-21
06869.XHKG,长飞光纤光缆,YOFC,"['sh', 'sz']",2014-12-10,0000-00-00,Active,500.0,MainBoard,2026-05-21
06878.XHKG,鼎丰集团汽车,DIFFER GP AUTO,"['sh', 'sz']",2015-07-06,0000-00-00,Active,10000.0,MainBoard,2026-05-21
06881.XHKG,中国银河,CGS,"['sh', 'sz']",2013-05-22,0000-00-00,Active,500.0,MainBoard,2026-05-21
06886.XHKG,HTSC,HTSC,"['sh', 'sz']",2015-06-01,0000-00-00,Active,200.0,MainBoard,2026-05-21
06929.XHKG,业聚医疗,ORBUSNEICH,"['sh', 'sz']",2022-12-23,0000-00-00,Active,500.0,MainBoard,2026-05-21
06936.XHKG,顺丰控股,SF HOLDING,"['sh', 'sz']",2024-11-27,0000-00-00,Active,200.0,MainBoard,2026-05-21
06955.XHKG,博安生物,BOAN BIOTECH,"['sh', 'sz']",2022-12-30,0000-00-00,Active,200.0,MainBoard,2026-05-21
06963.XHKG,阳光保险,SUNSHINE INS,"['sh', 'sz']",2022-12-09,0000-00-00,Active,500.0,MainBoard,2026-05-21
06968.XHKG,港龙中国地产,GANGLONG CHINA,"['sh', 'sz']",2020-07-15,0000-00-00,Active,1000.0,MainBoard,2026-05-21
06969.XHKG,思摩尔国际,SMOORE INTL,"['sh', 'sz']",2020-07-10,0000-00-00,Active,1000.0,MainBoard,2026-05-21
06978.XHKG,永泰生物-B,IMMUNOTECH-B,['sz'],2020-07-10,0000-00-00,Active,1000.0,MainBoard,2026-05-21
06979.XHKG,珍酒李渡,ZJLD,"['sh', 'sz']",2023-04-27,0000-00-00,Active,200.0,MainBoard,2026-05-21
06988.XHKG,乐享集团,JOY SPREADER,"['sh', 'sz']",2020-09-23,0000-00-00,Active,1000.0,MainBoard,2026-05-21
06989.XHKG,卓越商企服务,EXCELLENCE CM,"['sh', 'sz']",2020-10-19,0000-00-00,Active,1000.0,MainBoard,2026-05-21
06990.XHKG,科伦博泰生物,SKB BIO,"['sh', 'sz']",2023-07-11,0000-00-00,Active,100.0,MainBoard,2026-05-21
06993.XHKG,蓝月亮集团,BLUE MOON GROUP,"['sh', 'sz']",2020-12-16,0000-00-00,Active,500.0,MainBoard,2026-05-21
06996.XHKG,德琪医药-B,ANTENGENE-B,['sz'],2020-11-20,0000-00-00,Active,500.0,MainBoard,2026-05-21
06998.XHKG,亿腾嘉和,EDDING GENOR,['sz'],2020-10-07,0000-00-00,Active,500.0,MainBoard,2026-05-21
07618.XHKG,京东工业,JD INDUSTRIALS,"['sh', 'sz']",2025-12-11,0000-00-00,Active,200.0,MainBoard,2026-05-21
09606.XHKG,映恩生物-B,DUALITYBIO-B,"['sh', 'sz']",2025-04-15,0000-00-00,Active,100.0,MainBoard,2026-05-21
09611.XHKG,龙旗科技,LONGCHEER,"['sh', 'sz']",2026-01-22,0000-00-00,Active,100.0,MainBoard,2026-05-21
09626.XHKG,哔哩哔哩-W,BILIBILI-W,"['sh', 'sz']",2021-03-29,0000-00-00,Active,20.0,MainBoard,2026-05-21
09633.XHKG,农夫山泉,NONGFU SPRING,"['sh', 'sz']",2020-09-08,0000-00-00,Active,200.0,MainBoard,2026-05-21
09636.XHKG,九方智投控股,JF SMARTINVEST,"['sh', 'sz']",2023-03-10,0000-00-00,Active,100.0,MainBoard,2026-05-21
09658.XHKG,特海国际,SUPER HI,"['sh', 'sz']",2022-12-30,0000-00-00,Active,1000.0,MainBoard,2026-05-21
09660.XHKG,地平线机器人-W,HORIZONROBOT-W,"['sh', 'sz']",2024-10-24,0000-00-00,Active,600.0,MainBoard,2026-05-21
09668.XHKG,渤海银行,CBHB,"['sh', 'sz']",2020-07-16,0000-00-00,Active,500.0,MainBoard,2026-05-21
09669.XHKG,北森控股,BEISEN HOLDING,"['sh', 'sz']",2023-04-13,0000-00-00,Active,200.0,MainBoard,2026-05-21
09676.XHKG,十月稻田,SHIYUE DAOTIAN,"['sh', 'sz']",2023-10-12,0000-00-00,Active,300.0,MainBoard,2026-05-21
09678.XHKG,云知声,UNISOUND,"['sh', 'sz']",2025-06-30,0000-00-00,Active,20.0,MainBoard,2026-05-21
09688.XHKG,再鼎医药,ZAI LAB,"['sh', 'sz']",2020-09-28,0000-00-00,Active,100.0,MainBoard,2026-05-21
09690.XHKG,途虎-W,TUHU-W,"['sh', 'sz']",2023-09-26,0000-00-00,Active,100.0,MainBoard,2026-05-21
09696.XHKG,天齐锂业,TIANQI LITHIUM,"['sh', 'sz']",2022-07-13,0000-00-00,Active,200.0,MainBoard,2026-05-21
09699.XHKG,顺丰同城,SF INTRA-CITY,"['sh', 'sz']",2021-12-14,0000-00-00,Active,200.0,MainBoard,2026-05-21
09857.XHKG,柠萌影视,LINMON MEDIA,"['sh', 'sz']",2022-08-10,0000-00-00,Active,100.0,MainBoard,2026-05-21
09858.XHKG,优然牧业,YOURAN DAIRY,"['sh', 'sz']",2021-06-18,0000-00-00,Active,1000.0,MainBoard,2026-05-21
09860.XHKG,艾迪康控股,ADICON HOLDINGS,"['sh', 'sz']",2023-06-30,0000-00-00,Active,500.0,MainBoard,2026-05-21
09863.XHKG,零跑汽车,LEAPMOTOR,"['sh', 'sz']",2022-09-29,0000-00-00,Active,100.0,MainBoard,2026-05-21
09868.XHKG,小鹏集团-W,XPENG-W,"['sh', 'sz']",2021-07-07,0000-00-00,Active,100.0,MainBoard,2026-05-21
09869.XHKG,海伦司,HELENS,"['sh', 'sz']",2021-09-10,0000-00-00,Active,500.0,MainBoard,2026-05-21
09877.XHKG,健世科技-B,JENSCARE-B,"['sh', 'sz']",2022-10-10,0000-00-00,Active,200.0,MainBoard,2026-05-21
09878.XHKG,汇通达网络,HUITONGDA NET,"['sh', 'sz']",2022-02-18,0000-00-00,Active,100.0,MainBoard,2026-05-21
09880.XHKG,优必选,UBTECH ROBOTICS,"['sh', 'sz']",2023-12-29,0000-00-00,Active,50.0,MainBoard,2026-05-21
09885.XHKG,药师帮,YSB,"['sh', 'sz']",2023-06-28,0000-00-00,Active,200.0,MainBoard,2026-05-21
09886.XHKG,叮当健康,DINGDANG HEALTH,"['sh', 'sz']",2022-09-14,0000-00-00,Active,500.0,MainBoard,2026-05-21
09887.XHKG,维立志博-B,LEADS BIOLABS-B,"['sh', 'sz']",2025-07-25,0000-00-00,Active,100.0,MainBoard,2026-05-21
09890.XHKG,贪玩,TANWAN,"['sh', 'sz']",2023-09-28,0000-00-00,Active,200.0,MainBoard,2026-05-21
09896.XHKG,名创优品,MNSO,"['sh', 'sz']",2022-07-13,0000-00-00,Active,200.0,MainBoard,2026-05-21
09899.XHKG,网易云音乐,NETEASE MUSIC,"['sh', 'sz']",2021-12-02,0000-00-00,Active,50.0,MainBoard,2026-05-21
09909.XHKG,宝龙商业,POWERLONG CM,"['sh', 'sz']",2019-12-30,0000-00-00,Active,500.0,MainBoard,2026-05-21
09911.XHKG,赤子城科技,NEWBORNTOWN,"['sh', 'sz']",2019-12-31,0000-00-00,Active,2000.0,MainBoard,2026-05-21
09922.XHKG,九毛九,JIUMAOJIU,"['sh', 'sz']",2020-01-15,0000-00-00,Active,1000.0,MainBoard,2026-05-21
09923.XHKG,移卡,YEAHKA,"['sh', 'sz']",2020-06-01,0000-00-00,Active,400.0,MainBoard,2026-05-21
09926.XHKG,康方生物,AKESO,"['sh', 'sz']",2020-04-24,0000-00-00,Active,1000.0,MainBoard,2026-05-21
09927.XHKG,赛力斯,SERES,"['sh', 'sz']",2025-11-05,0000-00-00,Active,100.0,MainBoard,2026-05-21
09928.XHKG,时代邻里,TIMES NEIGHBOR,['sz'],2019-12-19,0000-00-00,Active,1000.0,MainBoard,2026-05-21
09930.XHKG,宏信建发,HORIZON CD,"['sh', 'sz']",2023-05-25,0000-00-00,Active,1000.0,MainBoard,2026-05-21
09939.XHKG,开拓药业-B,KINTOR PHARMA-B,"['sh', 'sz']",2020-05-22,0000-00-00,Active,500.0,MainBoard,2026-05-21
09955.XHKG,智云健康,CLOUDR,"['sh', 'sz']",2022-07-06,0000-00-00,Active,100.0,MainBoard,2026-05-21
09959.XHKG,联易融科技-W,LINKLOGIS-W,"['sh', 'sz']",2021-04-09,0000-00-00,Active,500.0,MainBoard,2026-05-21
09966.XHKG,康宁杰瑞制药-B,ALPHAMAB-B,"['sh', 'sz']",2019-12-12,0000-00-00,Active,1000.0,MainBoard,2026-05-21
09968.XHKG,汇景控股,HUIJING HLDGS,['sz'],2020-01-16,0000-00-00,Active,2000.0,MainBoard,2026-05-21
09969.XHKG,诺诚健华,INNOCARE,"['sh', 'sz']",2020-03-23,0000-00-00,Active,1000.0,MainBoard,2026-05-21
09973.XHKG,奇瑞汽车,CHERY AUTO,"['sh', 'sz']",2025-09-25,0000-00-00,Active,100.0,MainBoard,2026-05-21
09979.XHKG,绿城管理控股,GREENTOWN MGMT,"['sh', 'sz']",2020-07-10,0000-00-00,Active,1000.0,MainBoard,2026-05-21
09980.XHKG,东鹏饮料,EASTROC,"['sh', 'sz']",2026-02-03,0000-00-00,Active,100.0,MainBoard,2026-05-21
09981.XHKG,沃尔核材,WOER,"['sh', 'sz']",2026-02-13,0000-00-00,Active,200.0,MainBoard,2026-05-21
09983.XHKG,建业新生活,CC NEW LIFE,"['sh', 'sz']",2020-05-15,0000-00-00,Active,1000.0,MainBoard,2026-05-21
09985.XHKG,卫龙美味,WL DELICIOUS,"['sh', 'sz']",2022-12-15,0000-00-00,Active,200.0,MainBoard,2026-05-21
09987.XHKG,百胜中国,YUM CHINA,"['sh', 'sz']",2020-09-10,0000-00-00,Active,50.0,MainBoard,2026-05-21
09988.XHKG,阿里巴巴-W,BABA-W,"['sh', 'sz']",2019-11-26,0000-00-00,Active,100.0,MainBoard,2026-05-21
09989.XHKG,海普瑞,HEPALINK,"['sh', 'sz']",2020-07-08,0000-00-00,Active,500.0,MainBoard,2026-05-21
09990.XHKG,祖龙娱乐,ARCHOSAUR GAMES,"['sh', 'sz']",2020-07-15,0000-00-00,Active,1000.0,MainBoard,2026-05-21
09992.XHKG,泡泡玛特,POP MART,"['sh', 'sz']",2020-12-11,0000-00-00,Active,200.0,MainBoard,2026-05-21
09993.XHKG,金辉控股,RADIANCE HLDGS,"['sh', 'sz']",2020-10-29,0000-00-00,Active,1000.0,MainBoard,2026-05-21
09995.XHKG,荣昌生物,REMEGEN,"['sh', 'sz']",2020-11-09,0000-00-00,Active,500.0,MainBoard,2026-05-21
09996.XHKG,沛嘉医疗-B,PEIJIA-B,"['sh', 'sz']",2020-05-15,0000-00-00,Active,1000.0,MainBoard,2026-05-21
