rank,order_book_id,symbol,eng_symbol,stock_connect,listed_date,first_industry_code,first_industry_name,total_turnover,in_current_tick_pool,selection_date,rank_window_start,rank_window_end
1,00700.XHKG,腾讯控股,TENCENT,"['sh', 'sz']",2004-06-16,63,传媒,255141599874.0,True,2026-05-06,20260401,20260506
2,09988.XHKG,阿里巴巴-W,BABA-W,"['sh', 'sz']",2019-11-26,31,商贸零售,219382180492.0,True,2026-05-06,20260401,20260506
3,00981.XHKG,中芯国际,SMIC,"['sh', 'sz']",2004-03-18,60,电子,116148553034.0,True,2026-05-06,20260401,20260506
4,01810.XHKG,小米集团-W,XIAOMI-W,"['sh', 'sz']",2018-07-09,60,电子,107040253249.0,True,2026-05-06,20260401,20260506
5,06869.XHKG,长飞光纤光缆,YOFC,"['sh', 'sz']",2014-12-10,61,通信,101494165908.0,True,2026-05-06,20260401,20260506
6,03750.XHKG,宁德时代,CATL,"['sh', 'sz']",2025-05-20,27,电力设备及新能源,80567565815.0,True,2026-05-06,20260401,20260506
7,03690.XHKG,美团-W,MEITUAN-W,"['sh', 'sz']",2018-09-20,32,消费者服务,72195084573.0,True,2026-05-06,20260401,20260506
8,09992.XHKG,泡泡玛特,POP MART,"['sh', 'sz']",2020-12-11,63,传媒,70937305253.0,True,2026-05-06,20260401,20260506
9,01211.XHKG,比亚迪股份,BYD COMPANY,"['sh', 'sz']",2002-07-31,30,汽车,69109219876.0,True,2026-05-06,20260401,20260506
10,00883.XHKG,中国海洋石油,CNOOC,"['sh', 'sz']",2001-02-28,10,石油石化,68554129598.0,True,2026-05-06,20260401,20260506
11,01347.XHKG,华虹半导体,HUA HONG SEMI,"['sh', 'sz']",2014-10-15,60,电子,62626555281.0,True,2026-05-06,20260401,20260506
12,00005.XHKG,汇丰控股,HSBC HOLDINGS,"['sh', 'sz']",1980-01-02,40,银行,49220648500.0,True,2026-05-06,20260401,20260506
13,01299.XHKG,友邦保险,AIA,"['sh', 'sz']",2010-10-29,41,非银行金融,48081500295.0,True,2026-05-06,20260401,20260506
14,00939.XHKG,建设银行,CCB,"['sh', 'sz']",2005-10-27,40,银行,47549826867.0,True,2026-05-06,20260401,20260506
15,00175.XHKG,吉利汽车,GEELY AUTO,"['sh', 'sz']",1973-02-23,30,汽车,47056548125.0,True,2026-05-06,20260401,20260506
16,02318.XHKG,中国平安,PING AN,"['sh', 'sz']",2004-06-24,41,非银行金融,46785816747.0,True,2026-05-06,20260401,20260506
17,02899.XHKG,紫金矿业,ZIJIN MINING,"['sh', 'sz']",2003-12-23,12,有色金属,43999461380.0,True,2026-05-06,20260401,20260506
18,01024.XHKG,快手-W,KUAISHOU-W,"['sh', 'sz']",2021-02-05,63,传媒,40220159074.0,True,2026-05-06,20260401,20260506
19,00388.XHKG,香港交易所,HKEX,"['sh', 'sz']",2000-06-27,41,非银行金融,37491652234.0,True,2026-05-06,20260401,20260506
20,00941.XHKG,中国移动,CHINA MOBILE,"['sh', 'sz']",1997-10-23,61,通信,35185279844.0,True,2026-05-06,20260401,20260506
21,01398.XHKG,工商银行,ICBC,"['sh', 'sz']",2006-10-27,40,银行,34570345376.0,True,2026-05-06,20260401,20260506
22,02628.XHKG,中国人寿,CHINA LIFE,"['sh', 'sz']",2003-12-18,41,非银行金融,31978370638.0,True,2026-05-06,20260401,20260506
23,00857.XHKG,中国石油股份,PETROCHINA,"['sh', 'sz']",2000-04-07,10,石油石化,31840204236.0,True,2026-05-06,20260401,20260506
24,01378.XHKG,中国宏桥,CHINAHONGQIAO,"['sh', 'sz']",2011-03-24,12,有色金属,30622815223.0,True,2026-05-06,20260401,20260506
25,06166.XHKG,剑桥科技,CIG,"['sh', 'sz']",2025-10-28,61,通信,30217747568.0,True,2026-05-06,20260401,20260506
26,03317.XHKG,迅策,XUNCE,"['sh', 'sz']",2025-12-30,,,28142455384.0,True,2026-05-06,20260401,20260506
27,09926.XHKG,康方生物,AKESO,"['sh', 'sz']",2020-04-24,35,医药,27462603143.0,True,2026-05-06,20260401,20260506
28,00992.XHKG,联想集团,LENOVO GROUP,"['sh', 'sz']",1994-02-14,62,计算机,25394796703.0,True,2026-05-06,20260401,20260506
29,01801.XHKG,信达生物,INNOVENT BIO,"['sh', 'sz']",2018-10-31,35,医药,23694428036.0,True,2026-05-06,20260401,20260506
30,01888.XHKG,建滔积层板,KB LAMINATES,"['sh', 'sz']",2006-12-07,60,电子,23656551337.0,True,2026-05-06,20260401,20260506
31,01772.XHKG,赣锋锂业,GANFENGLITHIUM,"['sh', 'sz']",2018-10-11,12,有色金属,22696663731.0,True,2026-05-06,20260401,20260506
32,02259.XHKG,紫金黄金国际,ZIJIN GOLD INTL,"['sh', 'sz']",2025-09-30,12,有色金属,22376394882.0,True,2026-05-06,20260401,20260506
33,03988.XHKG,中国银行,BANK OF CHINA,"['sh', 'sz']",2006-06-01,40,银行,21578152496.0,True,2026-05-06,20260401,20260506
34,01384.XHKG,滴普科技,DEEPEXI TECH,"['sh', 'sz']",2025-10-28,,,20992562108.0,True,2026-05-06,20260401,20260506
35,00568.XHKG,山东墨龙,SHANDONG MOLONG,"['sh', 'sz']",2007-02-07,26,机械,20936838019.0,True,2026-05-06,20260401,20260506
36,01530.XHKG,三生制药,3SBIO,"['sh', 'sz']",2015-06-11,35,医药,20384858790.0,True,2026-05-06,20260401,20260506
37,09868.XHKG,小鹏集团-W,XPENG-W,"['sh', 'sz']",2021-07-07,30,汽车,20069798024.0,True,2026-05-06,20260401,20260506
38,03993.XHKG,洛阳钼业,CMOC,"['sh', 'sz']",2007-04-26,12,有色金属,19494744948.0,True,2026-05-06,20260401,20260506
39,02269.XHKG,药明生物,WUXI BIO,"['sh', 'sz']",2017-06-13,35,医药,19369394216.0,True,2026-05-06,20260401,20260506
40,03986.XHKG,兆易创新,GIGADEVICE,"['sh', 'sz']",2026-01-13,60,电子,18813543505.0,True,2026-05-06,20260401,20260506
41,02382.XHKG,舜宇光学科技,SUNNY OPTICAL,"['sh', 'sz']",2007-06-15,60,电子,17725627019.0,True,2026-05-06,20260401,20260506
42,02338.XHKG,潍柴动力,WEICHAI POWER,"['sh', 'sz']",2004-03-11,30,汽车,16597103577.0,True,2026-05-06,20260401,20260506
43,03968.XHKG,招商银行,CM BANK,"['sh', 'sz']",2006-09-22,40,银行,16509972568.0,True,2026-05-06,20260401,20260506
44,09660.XHKG,地平线机器人-W,HORIZONROBOT-W,"['sh', 'sz']",2024-10-24,30,汽车,16081089855.0,True,2026-05-06,20260401,20260506
45,03896.XHKG,金山云,KINGSOFT CLOUD,"['sh', 'sz']",2022-12-30,62,计算机,15886692312.0,True,2026-05-06,20260401,20260506
46,02020.XHKG,安踏体育,ANTA SPORTS,"['sh', 'sz']",2007-07-10,34,纺织服装,15844308018.0,True,2026-05-06,20260401,20260506
47,02359.XHKG,药明康德,WUXI APPTEC,"['sh', 'sz']",2018-12-13,35,医药,15567638611.0,True,2026-05-06,20260401,20260506
48,06160.XHKG,百济神州,BEONE MEDICINES,"['sh', 'sz']",2018-08-08,35,医药,15241183502.0,True,2026-05-06,20260401,20260506
49,01093.XHKG,石药集团,CSPC PHARMA,"['sh', 'sz']",1994-06-21,35,医药,15240186240.0,True,2026-05-06,20260401,20260506
50,02015.XHKG,理想汽车-W,LI AUTO-W,"['sh', 'sz']",2021-08-12,30,汽车,15041148169.0,False,2026-05-06,20260401,20260506
51,09863.XHKG,零跑汽车,LEAPMOTOR,"['sh', 'sz']",2022-09-29,30,汽车,14361546989.0,False,2026-05-06,20260401,20260506
52,00020.XHKG,商汤-W,SENSETIME-W,"['sh', 'sz']",2021-12-30,62,计算机,14224152548.0,False,2026-05-06,20260401,20260506
53,01088.XHKG,中国神华,CHINA SHENHUA,"['sh', 'sz']",2005-06-15,11,煤炭,14070222646.0,False,2026-05-06,20260401,20260506
54,01171.XHKG,兖矿能源,YANKUANG ENERGY,"['sh', 'sz']",1998-04-01,11,煤炭,13776258999.0,False,2026-05-06,20260401,20260506
55,00386.XHKG,中国石油化工股份,SINOPEC CORP,"['sh', 'sz']",2000-10-19,10,石油石化,13583292696.0,False,2026-05-06,20260401,20260506
56,00522.XHKG,ASMPT,ASMPT,"['sh', 'sz']",1989-01-03,60,电子,13523230461.0,False,2026-05-06,20260401,20260506
57,06181.XHKG,老铺黄金,LAOPU GOLD,"['sh', 'sz']",2024-06-28,31,商贸零售,13415961519.0,False,2026-05-06,20260401,20260506
58,06809.XHKG,澜起科技,MONTAGE TECH,"['sh', 'sz']",2026-02-09,60,电子,13390273926.0,False,2026-05-06,20260401,20260506
59,03808.XHKG,中国重汽,SINOTRUK,"['sh', 'sz']",2007-11-28,30,汽车,13373655505.0,False,2026-05-06,20260401,20260506
60,09880.XHKG,优必选,UBTECH ROBOTICS,"['sh', 'sz']",2023-12-29,26,机械,13214705194.0,False,2026-05-06,20260401,20260506
61,00016.XHKG,新鸿基地产,SHK PPT,"['sh', 'sz']",1972-09-08,42,房地产,12796808040.0,False,2026-05-06,20260401,20260506
62,01288.XHKG,农业银行,ABC,"['sh', 'sz']",2010-07-16,40,银行,12626102776.0,False,2026-05-06,20260401,20260506
63,00669.XHKG,创科实业,TECHTRONIC IND,"['sh', 'sz']",1990-12-17,26,机械,12601467478.0,False,2026-05-06,20260401,20260506
64,09696.XHKG,天齐锂业,TIANQI LITHIUM,"['sh', 'sz']",2022-07-13,12,有色金属,12515330278.0,False,2026-05-06,20260401,20260506
65,02228.XHKG,晶泰控股,XTALPI,"['sh', 'sz']",2024-06-13,35,医药,12285651265.0,False,2026-05-06,20260401,20260506
66,06651.XHKG,五一视界,51WORLD,"['sh', 'sz']",2025-12-30,,,12020782407.0,False,2026-05-06,20260401,20260506
67,09626.XHKG,哔哩哔哩-W,BILIBILI-W,"['sh', 'sz']",2021-03-29,63,传媒,11979425438.0,False,2026-05-06,20260401,20260506
68,01109.XHKG,华润置地,CHINA RES LAND,"['sh', 'sz']",1996-11-08,42,房地产,11600302027.0,False,2026-05-06,20260401,20260506
69,03330.XHKG,灵宝黄金,LINGBAO GOLD,"['sh', 'sz']",2006-01-12,12,有色金属,11422021347.0,False,2026-05-06,20260401,20260506
70,06088.XHKG,FITHONTENG,FIT HON TENG,"['sh', 'sz']",2017-07-13,60,电子,11248502768.0,False,2026-05-06,20260401,20260506
71,01072.XHKG,东方电气,DONGFANG ELEC,"['sh', 'sz']",1994-06-06,27,电力设备及新能源,11128334489.0,False,2026-05-06,20260401,20260506
72,02208.XHKG,金风科技,GOLDWIND,"['sh', 'sz']",2010-10-08,27,电力设备及新能源,10941390048.0,False,2026-05-06,20260401,20260506
73,02600.XHKG,中国铝业,CHALCO,"['sh', 'sz']",2001-12-12,12,有色金属,10912401622.0,False,2026-05-06,20260401,20260506
74,02655.XHKG,果下科技,GUOXIA TECH,"['sh', 'sz']",2025-12-16,,,10820525886.0,False,2026-05-06,20260401,20260506
75,01336.XHKG,新华保险,NCI,"['sh', 'sz']",2011-12-15,41,非银行金融,10642269733.0,False,2026-05-06,20260401,20260506
76,09995.XHKG,荣昌生物,REMEGEN,"['sh', 'sz']",2020-11-09,35,医药,10618093395.0,False,2026-05-06,20260401,20260506
77,00763.XHKG,中兴通讯,ZTE,"['sh', 'sz']",2004-12-09,61,通信,10579431730.0,False,2026-05-06,20260401,20260506
78,00001.XHKG,长和,CKH HOLDINGS,"['sh', 'sz']",1972-11-01,43,综合金融,10420181704.0,True,2026-05-06,20260401,20260506
79,01788.XHKG,国泰君安国际,GUOTAI JUNAN I,"['sh', 'sz']",2010-07-08,41,非银行金融,10397408435.0,False,2026-05-06,20260401,20260506
80,01138.XHKG,中远海能,COSCO SHIP ENGY,"['sh', 'sz']",1994-11-11,50,交通运输,10381016757.0,False,2026-05-06,20260401,20260506
81,00148.XHKG,建滔集团,KINGBOARD HLDG,"['sh', 'sz']",1993-10-08,60,电子,10196586467.0,False,2026-05-06,20260401,20260506
82,02388.XHKG,中银香港,BOC HONG KONG,"['sh', 'sz']",2002-07-25,40,银行,10159322949.0,False,2026-05-06,20260401,20260506
83,00027.XHKG,银河娱乐,GALAXY ENT,"['sh', 'sz']",1991-10-07,32,消费者服务,10129472453.0,False,2026-05-06,20260401,20260506
84,01177.XHKG,中国生物制药,SBP GROUP,"['sh', 'sz']",2003-12-08,35,医药,10095245323.0,False,2026-05-06,20260401,20260506
85,02328.XHKG,中国财险,PICC P&C,"['sh', 'sz']",2003-11-06,41,非银行金融,9947089298.0,False,2026-05-06,20260401,20260506
86,03858.XHKG,佳鑫国际资源,JIAXIN INTL RES,"['sh', 'sz']",2025-08-28,12,有色金属,9744855170.0,False,2026-05-06,20260401,20260506
87,02423.XHKG,贝壳-W,BEKE-W,"['sh', 'sz']",2022-05-11,42,房地产,9514210586.0,False,2026-05-06,20260401,20260506
88,06690.XHKG,海尔智家,HAIER SMARTHOME,"['sh', 'sz']",2020-12-23,33,家电,9477229017.0,False,2026-05-06,20260401,20260506
89,02331.XHKG,李宁,LI NING,"['sh', 'sz']",2004-06-28,34,纺织服装,9350423166.0,False,2026-05-06,20260401,20260506
90,00358.XHKG,江西铜业股份,JIANGXI COPPER,"['sh', 'sz']",1997-06-12,12,有色金属,9340033629.0,False,2026-05-06,20260401,20260506
91,01428.XHKG,耀才证券金融,BRIGHT SMART,"['sh', 'sz']",2010-08-25,41,非银行金融,9161604141.0,False,2026-05-06,20260401,20260506
92,01989.XHKG,广合科技,DELTON,"['sh', 'sz']",2026-03-20,,,8877331621.0,False,2026-05-06,20260401,20260506
93,02465.XHKG,龙蟠科技,LOPAL TECH,"['sh', 'sz']",2024-10-30,22,基础化工,8628017090.0,False,2026-05-06,20260401,20260506
94,01787.XHKG,山东黄金,SD GOLD,"['sh', 'sz']",2018-09-28,12,有色金属,8443052900.0,False,2026-05-06,20260401,20260506
95,03692.XHKG,翰森制药,HANSOH PHARMA,"['sh', 'sz']",2019-06-14,35,医药,8386612083.0,False,2026-05-06,20260401,20260506
96,01818.XHKG,招金矿业,ZHAOJIN MINING,"['sh', 'sz']",2006-12-08,12,有色金属,8355308611.0,False,2026-05-06,20260401,20260506
97,02477.XHKG,经纬天地(新),WELLCELL HOLD,"['sh', 'sz']",2024-01-12,61,通信,8213524327.0,False,2026-05-06,20260401,20260506
98,02057.XHKG,中通快递-W,ZTO EXPRESS-W,"['sh', 'sz']",2020-09-29,50,交通运输,8211903071.0,False,2026-05-06,20260401,20260506
99,06090.XHKG,不同集团,BUTONG GROUP,"['sh', 'sz']",2025-09-23,34,纺织服装,8052656801.0,False,2026-05-06,20260401,20260506
100,00241.XHKG,阿里健康,ALI HEALTH,"['sh', 'sz']",1972-07-06,62,计算机,8022053435.0,False,2026-05-06,20260401,20260506
101,02601.XHKG,中国太保,CPIC,"['sh', 'sz']",2009-12-23,41,非银行金融,7930688899.0,False,2026-05-06,20260401,20260506
102,02313.XHKG,申洲国际,SHENZHOU INTL,"['sh', 'sz']",2005-11-24,34,纺织服装,7840050475.0,False,2026-05-06,20260401,20260506
103,00688.XHKG,中国海外发展,CHINA OVERSEAS,"['sh', 'sz']",1992-08-20,42,房地产,7741279510.0,False,2026-05-06,20260401,20260506
104,01729.XHKG,汇聚科技,TIME INTERCON,"['sh', 'sz']",2018-02-13,12,有色金属,7545261701.0,False,2026-05-06,20260401,20260506
105,00300.XHKG,美的集团,MIDEA GROUP,"['sh', 'sz']",2024-09-17,33,家电,7483380550.0,False,2026-05-06,20260401,20260506
106,03908.XHKG,中金公司,CICC,"['sh', 'sz']",2015-11-09,41,非银行金融,7446664048.0,False,2026-05-06,20260401,20260506
107,00288.XHKG,万洲国际,WH GROUP,"['sh', 'sz']",2014-08-05,37,农林牧渔,7324457400.0,False,2026-05-06,20260401,20260506
108,00268.XHKG,金蝶国际,KINGDEE INT'L,"['sh', 'sz']",2005-07-20,62,计算机,7295395875.0,False,2026-05-06,20260401,20260506
109,02577.XHKG,英诺赛科,INNOSCIENCE,"['sh', 'sz']",2024-12-30,60,电子,7291110752.0,False,2026-05-06,20260401,20260506
110,01208.XHKG,五矿资源,MMG,"['sh', 'sz']",1994-12-15,12,有色金属,7289243665.0,False,2026-05-06,20260401,20260506
111,00285.XHKG,比亚迪电子,BYD ELECTRONIC,"['sh', 'sz']",2007-12-20,60,电子,7269483421.0,False,2026-05-06,20260401,20260506
112,02319.XHKG,蒙牛乳业,MENGNIU DAIRY,"['sh', 'sz']",2004-06-10,36,食品饮料,7192633325.0,False,2026-05-06,20260401,20260506
113,02050.XHKG,三花智控,SANHUA,"['sh', 'sz']",2025-06-23,33,家电,7152837141.0,False,2026-05-06,20260401,20260506
114,06618.XHKG,京东健康,JD HEALTH,"['sh', 'sz']",2020-12-08,62,计算机,6993952732.0,False,2026-05-06,20260401,20260506
115,01898.XHKG,中煤能源,CHINA COAL,"['sh', 'sz']",2006-12-19,11,煤炭,6886222984.0,False,2026-05-06,20260401,20260506
116,06030.XHKG,中信证券,CITIC SEC,"['sh', 'sz']",2011-10-06,41,非银行金融,6884661695.0,False,2026-05-06,20260401,20260506
117,06682.XHKG,范式智能,PHANCY,"['sh', 'sz']",2023-09-28,62,计算机,6508899914.0,False,2026-05-06,20260401,20260506
118,03393.XHKG,威胜控股,WASION HOLDINGS,"['sh', 'sz']",2005-12-19,26,机械,6470685111.0,False,2026-05-06,20260401,20260506
119,03939.XHKG,万国黄金集团,WANGUO GOLD GP,"['sh', 'sz']",2012-07-10,12,有色金属,6427169402.0,False,2026-05-06,20260401,20260506
120,01357.XHKG,美图公司,MEITU,"['sh', 'sz']",2016-12-15,63,传媒,6299962296.0,False,2026-05-06,20260401,20260506
121,00728.XHKG,中国电信,CHINA TELECOM,"['sh', 'sz']",2002-11-15,61,通信,6285446323.0,False,2026-05-06,20260401,20260506
122,02556.XHKG,迈富时,MARKETINGFORCE,"['sh', 'sz']",2024-05-16,62,计算机,6231127393.0,False,2026-05-06,20260401,20260506
123,09633.XHKG,农夫山泉,NONGFU SPRING,"['sh', 'sz']",2020-09-08,36,食品饮料,6080096899.0,False,2026-05-06,20260401,20260506
124,01797.XHKG,东方甄选,EAST BUY,"['sh', 'sz']",2019-03-28,32,消费者服务,6077761839.0,False,2026-05-06,20260401,20260506
125,01339.XHKG,中国人民保险集团,PICC GROUP,"['sh', 'sz']",2012-12-07,41,非银行金融,6057046410.0,False,2026-05-06,20260401,20260506
126,06613.XHKG,蓝思科技,LENS,"['sh', 'sz']",2025-07-09,60,电子,6034344357.0,False,2026-05-06,20260401,20260506
127,09606.XHKG,映恩生物-B,DUALITYBIO-B,"['sh', 'sz']",2025-04-15,35,医药,6023495950.0,False,2026-05-06,20260401,20260506
128,06693.XHKG,赤峰黄金,CHIFENG GOLD,"['sh', 'sz']",2025-03-10,12,有色金属,5964912685.0,False,2026-05-06,20260401,20260506
129,01276.XHKG,恒瑞医药,HENGRUI PHARMA,"['sh', 'sz']",2025-05-23,35,医药,5931405936.0,False,2026-05-06,20260401,20260506
130,02099.XHKG,中国黄金国际,CHINAGOLDINTL,"['sh', 'sz']",2010-12-01,12,有色金属,5917864995.0,False,2026-05-06,20260401,20260506
131,09678.XHKG,云知声,UNISOUND,"['sh', 'sz']",2025-06-30,62,计算机,5838357839.0,False,2026-05-06,20260401,20260506
132,01519.XHKG,极兔速递-W,J&T EXPRESS-W,"['sh', 'sz']",2023-10-27,50,交通运输,5790818680.0,False,2026-05-06,20260401,20260506
133,09973.XHKG,奇瑞汽车,CHERY AUTO,"['sh', 'sz']",2025-09-25,30,汽车,5766423654.0,False,2026-05-06,20260401,20260506
134,09987.XHKG,百胜中国,YUM CHINA,"['sh', 'sz']",2020-09-10,32,消费者服务,5659040165.0,False,2026-05-06,20260401,20260506
135,02865.XHKG,钧达股份,DRINDA,"['sh', 'sz']",2025-05-08,27,电力设备及新能源,5639358705.0,False,2026-05-06,20260401,20260506
136,01860.XHKG,汇量科技,MOBVISTA,"['sh', 'sz']",2018-12-12,63,传媒,5574591713.0,False,2026-05-06,20260401,20260506
137,06990.XHKG,科伦博泰生物,SKB BIO,"['sh', 'sz']",2023-07-11,35,医药,5549771720.0,False,2026-05-06,20260401,20260506
138,09688.XHKG,再鼎医药,ZAI LAB,"['sh', 'sz']",2020-09-28,35,医药,5504999637.0,False,2026-05-06,20260401,20260506
139,02888.XHKG,渣打集团,STANCHART,"['sh', 'sz']",2002-10-31,40,银行,5457735411.0,False,2026-05-06,20260401,20260506
140,03931.XHKG,中创新航,CALB,"['sh', 'sz']",2022-10-06,27,电力设备及新能源,5440344310.0,False,2026-05-06,20260401,20260506
141,00012.XHKG,恒基地产,HENDERSON LAND,"['sh', 'sz']",1981-07-23,42,房地产,5375019664.0,False,2026-05-06,20260401,20260506
142,03800.XHKG,协鑫科技,GCL TECH,"['sh', 'sz']",2007-11-13,27,电力设备及新能源,5372588843.0,False,2026-05-06,20260401,20260506
143,06862.XHKG,海底捞,HAIDILAO,"['sh', 'sz']",2018-09-26,32,消费者服务,5332404287.0,False,2026-05-06,20260401,20260506
144,03888.XHKG,金山软件,KINGSOFT,"['sh', 'sz']",2007-10-09,62,计算机,5331520456.0,False,2026-05-06,20260401,20260506
145,02333.XHKG,长城汽车,GWMOTOR,"['sh', 'sz']",2003-12-15,30,汽车,5257503125.0,False,2026-05-06,20260401,20260506
146,01113.XHKG,长实集团,CK ASSET,"['sh', 'sz']",2015-06-03,42,房地产,5248257801.0,False,2026-05-06,20260401,20260506
147,00916.XHKG,龙源电力,CHINA LONGYUAN,"['sh', 'sz']",2009-12-10,20,电力及公用事业,5219569466.0,False,2026-05-06,20260401,20260506
148,03696.XHKG,英矽智能,INSILICO,"['sh', 'sz']",2025-12-30,,,5183118052.0,False,2026-05-06,20260401,20260506
149,01919.XHKG,中远海控,COSCO SHIP HOLD,"['sh', 'sz']",2005-06-30,50,交通运输,5137214445.0,False,2026-05-06,20260401,20260506
150,02631.XHKG,天岳先进,SICC,"['sh', 'sz']",2025-08-20,60,电子,5019407528.0,False,2026-05-06,20260401,20260506
151,02268.XHKG,药明合联,WUXI XDC,"['sh', 'sz']",2023-11-17,35,医药,5003132880.0,False,2026-05-06,20260401,20260506
152,02889.XHKG,博泰车联,PATEO,"['sh', 'sz']",2025-09-30,30,汽车,4973976014.0,False,2026-05-06,20260401,20260506
153,00902.XHKG,华能国际电力股份,HUANENG POWER,"['sh', 'sz']",1998-01-21,20,电力及公用事业,4971530956.0,False,2026-05-06,20260401,20260506
154,02688.XHKG,新奥能源,ENN ENERGY,"['sh', 'sz']",2002-06-03,20,电力及公用事业,4959150445.0,False,2026-05-06,20260401,20260506
155,00291.XHKG,华润啤酒,CHINA RES BEER,"['sh', 'sz']",1973-11-15,36,食品饮料,4946044299.0,False,2026-05-06,20260401,20260506
156,01385.XHKG,上海复旦,SHANGHAI FUDAN,"['sh', 'sz']",2014-01-08,60,电子,4873174142.0,False,2026-05-06,20260401,20260506
157,03323.XHKG,中国建材,CNBM,"['sh', 'sz']",2006-03-23,24,建材,4798005942.0,False,2026-05-06,20260401,20260506
158,00998.XHKG,中信银行,CITIC BANK,"['sh', 'sz']",2007-04-27,40,银行,4757831049.0,False,2026-05-06,20260401,20260506
159,02162.XHKG,康诺亚-B,KEYMED BIO-B,"['sh', 'sz']",2021-07-08,35,医药,4724207707.0,False,2026-05-06,20260401,20260506
160,00966.XHKG,中国太平,CHINA TAIPING,"['sh', 'sz']",2000-06-29,41,非银行金融,4647367314.0,False,2026-05-06,20260401,20260506
161,01816.XHKG,中广核电力,CGN POWER,"['sh', 'sz']",2014-12-10,20,电力及公用事业,4565685260.0,False,2026-05-06,20260401,20260506
162,00267.XHKG,中信股份,CITIC,"['sh', 'sz']",1986-02-26,43,综合金融,4465499846.0,False,2026-05-06,20260401,20260506
163,01928.XHKG,金沙中国有限公司,SANDS CHINA LTD,"['sh', 'sz']",2009-11-30,32,消费者服务,4437127236.0,False,2026-05-06,20260401,20260506
164,02252.XHKG,微创机器人-B,MEDBOT-B,"['sh', 'sz']",2021-11-02,35,医药,4331633867.0,False,2026-05-06,20260401,20260506
165,00002.XHKG,中电控股,CLP HOLDINGS,"['sh', 'sz']",1980-01-02,43,综合金融,4281179547.0,False,2026-05-06,20260401,20260506
166,02018.XHKG,瑞声科技,AAC TECH,"['sh', 'sz']",2005-08-09,60,电子,4243971021.0,False,2026-05-06,20260401,20260506
167,02525.XHKG,禾赛-W,HESAI-W,"['sh', 'sz']",2025-09-16,60,电子,4205735700.0,False,2026-05-06,20260401,20260506
168,03328.XHKG,交通银行,BANKCOMM,"['sh', 'sz']",2005-06-23,40,银行,4194737330.0,False,2026-05-06,20260401,20260506
169,02656.XHKG,健康160,160 HEALTH,"['sh', 'sz']",2025-09-17,35,医药,4157322890.0,False,2026-05-06,20260401,20260506
170,00836.XHKG,华润电力,CHINA RES POWER,"['sh', 'sz']",2003-11-12,20,电力及公用事业,4141231781.0,False,2026-05-06,20260401,20260506
171,01929.XHKG,周大福,CHOW TAI FOOK,"['sh', 'sz']",2011-12-15,31,商贸零售,4102579561.0,False,2026-05-06,20260401,20260506
172,02618.XHKG,京东物流,JD LOGISTICS,"['sh', 'sz']",2021-05-28,50,交通运输,4048936890.0,False,2026-05-06,20260401,20260506
173,09911.XHKG,赤子城科技,NEWBORNTOWN,"['sh', 'sz']",2019-12-31,63,传媒,3957012649.0,False,2026-05-06,20260401,20260506
174,01658.XHKG,邮储银行,PSBC,"['sh', 'sz']",2016-09-28,40,银行,3927434716.0,False,2026-05-06,20260401,20260506
175,00066.XHKG,港铁公司,MTR CORPORATION,"['sh', 'sz']",2000-10-05,50,交通运输,3854052913.0,False,2026-05-06,20260401,20260506
176,02498.XHKG,速腾聚创,ROBOSENSE,"['sh', 'sz']",2024-01-05,60,电子,3852834104.0,False,2026-05-06,20260401,20260506
177,00322.XHKG,康师傅控股,TINGYI,"['sh', 'sz']",1996-02-05,36,食品饮料,3821598502.0,False,2026-05-06,20260401,20260506
178,00168.XHKG,青岛啤酒股份,TSINGTAO BREW,"['sh', 'sz']",1993-07-15,36,食品饮料,3814311728.0,False,2026-05-06,20260401,20260506
179,03881.XHKG,希迪智驾,CIDI,"['sh', 'sz']",2025-12-19,,,3802051337.0,False,2026-05-06,20260401,20260506
180,01308.XHKG,海丰国际,SITC,"['sh', 'sz']",2010-10-06,50,交通运输,3752945402.0,False,2026-05-06,20260401,20260506
181,06881.XHKG,中国银河,CGS,"['sh', 'sz']",2013-05-22,41,非银行金融,3728973812.0,False,2026-05-06,20260401,20260506
182,01164.XHKG,中广核矿业,CGN MINING,"['sh', 'sz']",2003-08-04,12,有色金属,3702574833.0,False,2026-05-06,20260401,20260506
183,00914.XHKG,海螺水泥,CONCH CEMENT,"['sh', 'sz']",1997-10-21,24,建材,3696807200.0,False,2026-05-06,20260401,20260506
184,02367.XHKG,巨子生物,GIANT BIOGENE,"['sh', 'sz']",2022-11-04,35,医药,3674906283.0,False,2026-05-06,20260401,20260506
185,00753.XHKG,中国国航,AIR CHINA,"['sh', 'sz']",2004-12-15,50,交通运输,3639407637.0,False,2026-05-06,20260401,20260506
186,02701.XHKG,国民技术,NSING TECH,"['sh', 'sz']",2026-03-23,,,3621265860.0,False,2026-05-06,20260401,20260506
187,02473.XHKG,喜相逢集团,XXF,"['sh', 'sz']",2023-11-09,30,汽车,3600688597.0,False,2026-05-06,20260401,20260506
188,00006.XHKG,电能实业,POWER ASSETS,"['sh', 'sz']",1976-08-16,43,综合金融,3530363803.0,False,2026-05-06,20260401,20260506
189,00968.XHKG,信义光能,XINYI SOLAR,"['sh', 'sz']",2013-12-12,27,电力设备及新能源,3469382942.0,False,2026-05-06,20260401,20260506
190,03606.XHKG,福耀玻璃,FUYAO GLASS,"['sh', 'sz']",2015-03-31,30,汽车,3448389286.0,False,2026-05-06,20260401,20260506
191,02400.XHKG,心动公司,XD INC,"['sh', 'sz']",2019-12-12,63,传媒,3399568301.0,False,2026-05-06,20260401,20260506
192,00917.XHKG,趣致集团,QUNABOX GROUP,"['sh', 'sz']",2024-05-27,62,计算机,3384195113.0,False,2026-05-06,20260401,20260506
193,06969.XHKG,思摩尔国际,SMOORE INTL,"['sh', 'sz']",2020-07-10,25,轻工制造,3377036499.0,False,2026-05-06,20260401,20260506
194,00425.XHKG,敏实集团,MINTH GROUP,"['sh', 'sz']",2005-12-01,30,汽车,3360838846.0,False,2026-05-06,20260401,20260506
195,01918.XHKG,融创中国,SUNAC,"['sh', 'sz']",2010-10-07,42,房地产,3356738333.0,False,2026-05-06,20260401,20260506
196,01258.XHKG,中国有色矿业,CHINFMINING,"['sh', 'sz']",2012-06-29,12,有色金属,3336007088.0,False,2026-05-06,20260401,20260506
197,03200.XHKG,大族数控,HANS CNC,"['sh', 'sz']",2026-02-06,60,电子,3298917430.0,False,2026-05-06,20260401,20260506
198,01877.XHKG,君实生物,JUNSHI BIO,"['sh', 'sz']",2018-12-24,35,医药,3182037276.0,False,2026-05-06,20260401,20260506
199,00853.XHKG,微创医疗,MICROPORT,"['sh', 'sz']",2010-09-24,35,医药,3132438441.0,False,2026-05-06,20260401,20260506
200,00189.XHKG,东岳集团,DONGYUE GROUP,"['sh', 'sz']",2007-12-10,22,基础化工,3126134415.0,False,2026-05-06,20260401,20260506
201,00960.XHKG,龙湖集团,LONGFOR GROUP,"['sh', 'sz']",2009-11-19,42,房地产,3115629607.0,False,2026-05-06,20260401,20260506
202,03320.XHKG,华润医药,CHINARES PHARMA,"['sh', 'sz']",2016-10-28,35,医药,3099749915.0,False,2026-05-06,20260401,20260506
203,01415.XHKG,高伟电子,COWELL,"['sh', 'sz']",2015-03-31,60,电子,3087683745.0,False,2026-05-06,20260401,20260506
204,00293.XHKG,国泰航空,CATHAY PAC AIR,"['sh', 'sz']",1986-05-14,50,交通运输,3072295547.0,False,2026-05-06,20260401,20260506
205,02788.XHKG,创新实业,CHUANGXIN IND,"['sh', 'sz']",2025-11-24,,,3055720459.0,False,2026-05-06,20260401,20260506
206,00003.XHKG,香港中华煤气,HK & CHINA GAS,"['sh', 'sz']",1960-04-11,20,电力及公用事业,3051300888.0,False,2026-05-06,20260401,20260506
207,00316.XHKG,东方海外国际,OOIL,"['sh', 'sz']",1992-07-31,50,交通运输,3041887224.0,False,2026-05-06,20260401,20260506
208,01776.XHKG,广发证券,GF SEC,"['sh', 'sz']",2015-04-10,41,非银行金融,3024816579.0,False,2026-05-06,20260401,20260506
209,09969.XHKG,诺诚健华,INNOCARE,"['sh', 'sz']",2020-03-23,35,医药,3021431087.0,False,2026-05-06,20260401,20260506
210,00631.XHKG,三一国际,SANY INT'L,"['sh', 'sz']",2009-11-25,26,机械,3014971559.0,False,2026-05-06,20260401,20260506
211,02276.XHKG,康耐特光学,CONANT OPTICAL,"['sh', 'sz']",2021-12-16,25,轻工制造,3008889042.0,False,2026-05-06,20260401,20260506
212,03759.XHKG,康龙化成,PHARMARON,"['sh', 'sz']",2019-11-28,35,医药,3006280106.0,False,2026-05-06,20260401,20260506
213,02637.XHKG,海西新药,HAIXI PHARMA,"['sh', 'sz']",2025-10-20,,,2970864419.0,False,2026-05-06,20260401,20260506
214,02635.XHKG,诺比侃,NUOBIKAN,"['sh', 'sz']",2025-12-23,,,2923712378.0,False,2026-05-06,20260401,20260506
215,01070.XHKG,TCL电子,TCL ELECTRONICS,"['sh', 'sz']",1999-11-26,33,家电,2918445859.0,False,2026-05-06,20260401,20260506
216,01548.XHKG,金斯瑞生物科技,GENSCRIPT BIO,"['sh', 'sz']",2015-12-30,35,医药,2913125756.0,False,2026-05-06,20260401,20260506
217,00762.XHKG,中国联通,CHINA UNICOM,"['sh', 'sz']",2000-06-22,61,通信,2867113063.0,False,2026-05-06,20260401,20260506
218,00290.XHKG,国富量子,GOFINTECH QUANT,"['sh', 'sz']",2001-05-03,43,综合金融,2867043677.0,False,2026-05-06,20260401,20260506
219,01907.XHKG,中国旭阳集团,CHINA RISUN GP,"['sh', 'sz']",2019-03-15,11,煤炭,2860115592.0,False,2026-05-06,20260401,20260506
220,00470.XHKG,先导智能,WUXI LEAD,"['sh', 'sz']",2026-02-11,26,机械,2825046730.0,False,2026-05-06,20260401,20260506
221,06886.XHKG,HTSC,HTSC,"['sh', 'sz']",2015-06-01,41,非银行金融,2811425202.0,False,2026-05-06,20260401,20260506
222,02616.XHKG,基石药业-B,CSTONE PHARMA-B,"['sh', 'sz']",2019-02-26,35,医药,2785485534.0,False,2026-05-06,20260401,20260506
223,01361.XHKG,361度,361 DEGREES,"['sh', 'sz']",2009-06-30,34,纺织服装,2784665481.0,False,2026-05-06,20260401,20260506
224,01364.XHKG,古茗,GUMING,"['sh', 'sz']",2025-02-12,31,商贸零售,2777806104.0,False,2026-05-06,20260401,20260506
225,06060.XHKG,众安在线,ZA ONLINE,"['sh', 'sz']",2017-09-28,41,非银行金融,2777524784.0,False,2026-05-06,20260401,20260506
226,01585.XHKG,雅迪控股,YADEA,"['sh', 'sz']",2016-05-19,30,汽车,2776770970.0,False,2026-05-06,20260401,20260506
227,00670.XHKG,中国东方航空股份,CHINA EAST AIR,"['sh', 'sz']",1997-02-05,50,交通运输,2771415395.0,False,2026-05-06,20260401,20260506
228,00780.XHKG,同程旅行,TONGCHENGTRAVEL,"['sh', 'sz']",2018-11-26,32,消费者服务,2724253628.0,False,2026-05-06,20260401,20260506
229,02517.XHKG,锅圈,GUOQUAN,"['sh', 'sz']",2023-11-02,36,食品饮料,2721337827.0,False,2026-05-06,20260401,20260506
230,06855.XHKG,亚盛医药-B,ASCENTAGE-B,"['sh', 'sz']",2019-10-28,35,医药,2718193566.0,False,2026-05-06,20260401,20260506
231,02611.XHKG,国泰海通,GTHT,"['sh', 'sz']",2017-04-11,41,非银行金融,2683022584.0,False,2026-05-06,20260401,20260506
232,02171.XHKG,科济药业-B,CARSGEN-B,"['sh', 'sz']",2021-06-18,35,医药,2682134036.0,False,2026-05-06,20260401,20260506
233,03668.XHKG,兖煤澳大利亚,YANCOAL AUS,"['sh', 'sz']",2018-12-06,11,煤炭,2616316738.0,False,2026-05-06,20260401,20260506
234,02097.XHKG,蜜雪集团,MIXUE GROUP,"['sh', 'sz']",2025-03-03,31,商贸零售,2612126842.0,False,2026-05-06,20260401,20260506
235,02714.XHKG,牧原股份,MUYUAN,"['sh', 'sz']",2026-02-06,37,农林牧渔,2611109627.0,False,2026-05-06,20260401,20260506
236,02096.XHKG,先声药业,SIMCERE PHARMA,"['sh', 'sz']",2020-10-27,35,医药,2543633402.0,False,2026-05-06,20260401,20260506
237,00390.XHKG,中国中铁,CHINA RAILWAY,"['sh', 'sz']",2007-12-07,23,建筑,2532043915.0,False,2026-05-06,20260401,20260506
238,02659.XHKG,宝济药业-B,BAO PHARMA-B,"['sh', 'sz']",2025-12-10,,,2507363754.0,False,2026-05-06,20260401,20260506
239,00013.XHKG,和黄医药,HUTCHMED,"['sh', 'sz']",2021-06-30,35,医药,2478465610.0,False,2026-05-06,20260401,20260506
240,09636.XHKG,九方智投控股,JF SMARTINVEST,"['sh', 'sz']",2023-03-10,43,综合金融,2437548882.0,False,2026-05-06,20260401,20260506
241,00788.XHKG,中国铁塔,CHINA TOWER,"['sh', 'sz']",2018-08-08,61,通信,2418505394.0,False,2026-05-06,20260401,20260506
242,06127.XHKG,昭衍新药,JOINN,"['sh', 'sz']",2021-02-26,35,医药,2409089040.0,False,2026-05-06,20260401,20260506
243,01066.XHKG,威高股份,WEIGAO GROUP,"['sh', 'sz']",2010-07-29,35,医药,2373015002.0,False,2026-05-06,20260401,20260506
244,01997.XHKG,九龙仓置业,WHARF REIC,"['sh', 'sz']",2017-11-23,42,房地产,2370733761.0,False,2026-05-06,20260401,20260506
245,01766.XHKG,中国中车,CRRC,"['sh', 'sz']",2008-08-21,26,机械,2339024421.0,False,2026-05-06,20260401,20260506
246,01318.XHKG,毛戈平,MAO GEPING,"['sh', 'sz']",2024-12-10,22,基础化工,2336490068.0,False,2026-05-06,20260401,20260506
247,06680.XHKG,金力永磁,JLMAG,"['sh', 'sz']",2022-01-14,12,有色金属,2335812868.0,False,2026-05-06,20260401,20260506
248,00991.XHKG,大唐发电,DATANG POWER,"['sh', 'sz']",1997-03-21,20,电力及公用事业,2328933976.0,False,2026-05-06,20260401,20260506
249,01099.XHKG,国药控股,SINOPHARM,"['sh', 'sz']",2009-09-23,35,医药,2327141844.0,False,2026-05-06,20260401,20260506
250,03958.XHKG,东方证券,DFZQ,"['sh', 'sz']",2016-07-08,41,非银行金融,2327086084.0,False,2026-05-06,20260401,20260506
251,09899.XHKG,网易云音乐,NETEASE MUSIC,"['sh', 'sz']",2021-12-02,63,传媒,2324862551.0,False,2026-05-06,20260401,20260506
252,01952.XHKG,云顶新耀,EVEREST MED,"['sh', 'sz']",2020-10-09,35,医药,2322755427.0,False,2026-05-06,20260401,20260506
253,03898.XHKG,时代电气,TIMES ELECTRIC,"['sh', 'sz']",2006-12-20,27,电力设备及新能源,2293558297.0,False,2026-05-06,20260401,20260506
254,00179.XHKG,德昌电机控股,JOHNSON ELEC H,"['sh', 'sz']",1984-07-11,30,汽车,2292948265.0,False,2026-05-06,20260401,20260506
255,02186.XHKG,绿叶制药,LUYE PHARMA,"['sh', 'sz']",2014-07-09,35,医药,2262658283.0,False,2026-05-06,20260401,20260506
256,00868.XHKG,信义玻璃,XINYI GLASS,"['sh', 'sz']",2005-02-03,24,建材,2259009720.0,False,2026-05-06,20260401,20260506
257,02609.XHKG,佰泽医疗,BAYZED HEALTH,"['sh', 'sz']",2025-06-23,35,医药,2234415241.0,False,2026-05-06,20260401,20260506
258,02610.XHKG,南山铝业国际,NANSHAN AL INTL,"['sh', 'sz']",2025-03-25,12,有色金属,2218671958.0,False,2026-05-06,20260401,20260506
259,00819.XHKG,天能动力,TIANNENG POWER,"['sh', 'sz']",2007-06-11,27,电力设备及新能源,2216509196.0,False,2026-05-06,20260401,20260506
260,01209.XHKG,华润万象生活,CHINA RES MIXC,"['sh', 'sz']",2020-12-09,42,房地产,2196948063.0,False,2026-05-06,20260401,20260506
261,01880.XHKG,中国中免,CTG DUTY-FREE,"['sh', 'sz']",2022-08-25,32,消费者服务,2189134931.0,False,2026-05-06,20260401,20260506
262,00135.XHKG,昆仑能源,KUNLUN ENERGY,"['sh', 'sz']",1973-03-13,20,电力及公用事业,2187653475.0,False,2026-05-06,20260401,20260506
263,02595.XHKG,劲方医药-B,GENFLEET-B,"['sh', 'sz']",2025-09-19,35,医药,2181638707.0,False,2026-05-06,20260401,20260506
264,02883.XHKG,中海油田服务,CHINA OILFIELD,"['sh', 'sz']",2002-11-20,10,石油石化,2172176067.0,False,2026-05-06,20260401,20260506
265,00501.XHKG,豪威集团,OMNIVISION,"['sh', 'sz']",2026-01-12,60,电子,2143596813.0,False,2026-05-06,20260401,20260506
266,00586.XHKG,海螺创业,CONCH VENTURE,"['sh', 'sz']",2013-12-19,20,电力及公用事业,2105001342.0,False,2026-05-06,20260401,20260506
267,01038.XHKG,长江基建集团,CKI HOLDINGS,"['sh', 'sz']",1996-07-17,50,交通运输,2087091765.0,False,2026-05-06,20260401,20260506
268,03900.XHKG,绿城中国,GREENTOWN CHINA,"['sh', 'sz']",2006-07-13,42,房地产,2064477355.0,False,2026-05-06,20260401,20260506
269,00136.XHKG,中国儒意,CHINA RUYI,"['sh', 'sz']",1997-09-25,32,消费者服务,2057131620.0,False,2026-05-06,20260401,20260506
270,09887.XHKG,维立志博-B,LEADS BIOLABS-B,"['sh', 'sz']",2025-07-25,35,医药,2037397918.0,False,2026-05-06,20260401,20260506
271,02650.XHKG,挚达科技,ZHIDA TECH,"['sh', 'sz']",2025-10-10,30,汽车,2036641871.0,False,2026-05-06,20260401,20260506
272,01157.XHKG,中联重科,ZOOMLION,"['sh', 'sz']",2010-12-23,26,机械,2036499633.0,False,2026-05-06,20260401,20260506
273,00772.XHKG,阅文集团,CHINA LIT,"['sh', 'sz']",2017-11-08,63,传媒,2026072627.0,False,2026-05-06,20260401,20260506
274,02562.XHKG,狮腾控股,SYNAGISTICS,"['sh', 'sz']",2022-08-15,70,综合,2011866123.0,False,2026-05-06,20260401,20260506
275,00019.XHKG,太古股份公司A,SWIRE PACIFIC A,"['sh', 'sz']",1959-04-14,43,综合金融,2003174160.0,False,2026-05-06,20260401,20260506
276,01055.XHKG,中国南方航空股份,CHINA SOUTH AIR,"['sh', 'sz']",1997-07-31,50,交通运输,1995955972.0,False,2026-05-06,20260401,20260506
277,02727.XHKG,上海电气,SH ELECTRIC,"['sh', 'sz']",2005-04-28,27,电力设备及新能源,1995611673.0,False,2026-05-06,20260401,20260506
278,01833.XHKG,平安好医生,PA GOODDOCTOR,"['sh', 'sz']",2018-05-04,62,计算机,1988735909.0,False,2026-05-06,20260401,20260506
279,01876.XHKG,百威亚太,BUD APAC,"['sh', 'sz']",2019-09-30,36,食品饮料,1984596320.0,False,2026-05-06,20260401,20260506
280,06699.XHKG,时代天使,ANGELALIGN,"['sh', 'sz']",2021-06-16,35,医药,1983431874.0,False,2026-05-06,20260401,20260506
281,02579.XHKG,中伟新材,CNGR,"['sh', 'sz']",2025-11-17,22,基础化工,1966201973.0,False,2026-05-06,20260401,20260506
282,01635.XHKG,大众公用,DZUG,"['sh', 'sz']",2016-12-05,20,电力及公用事业,1959941869.0,False,2026-05-06,20260401,20260506
283,06821.XHKG,凯莱英,ASYMCHEM,"['sh', 'sz']",2021-12-10,35,医药,1954241562.0,False,2026-05-06,20260401,20260506
284,02315.XHKG,百奥赛图-B,BIOCYTOGEN-B,"['sh', 'sz']",2022-09-01,35,医药,1913320285.0,False,2026-05-06,20260401,20260506
285,01908.XHKG,建发国际集团,C&D INTL GROUP,"['sh', 'sz']",2014-05-26,42,房地产,1903804348.0,False,2026-05-06,20260401,20260506
286,02157.XHKG,乐普生物-B,LEPU BIO-B,"['sh', 'sz']",2022-02-23,35,医药,1893745856.0,False,2026-05-06,20260401,20260506
287,01988.XHKG,民生银行,MINSHENG BANK,"['sh', 'sz']",2009-11-26,40,银行,1893222019.0,False,2026-05-06,20260401,20260506
288,06031.XHKG,三一重工,SANY HEAVY IND,"['sh', 'sz']",2025-10-28,26,机械,1885578283.0,False,2026-05-06,20260401,20260506
289,02589.XHKG,沪上阿姨,AUNTEA JENNY,"['sh', 'sz']",2025-05-08,31,商贸零售,1873011523.0,False,2026-05-06,20260401,20260506
290,03738.XHKG,阜博集团,VOBILE GROUP,"['sh', 'sz']",2018-01-04,63,传媒,1870264799.0,False,2026-05-06,20260401,20260506
291,01033.XHKG,中石化油服,SINOPEC SSC,"['sh', 'sz']",1994-03-29,10,石油石化,1856730111.0,False,2026-05-06,20260401,20260506
292,09896.XHKG,名创优品,MNSO,"['sh', 'sz']",2022-07-13,31,商贸零售,1844653499.0,False,2026-05-06,20260401,20260506
293,03998.XHKG,波司登,BOSIDENG,"['sh', 'sz']",2007-10-11,34,纺织服装,1836735979.0,False,2026-05-06,20260401,20260506
294,03347.XHKG,泰格医药,TIGERMED,"['sh', 'sz']",2020-08-07,35,医药,1774492719.0,False,2026-05-06,20260401,20260506
295,00083.XHKG,信和置业,SINO LAND,"['sh', 'sz']",1981-04-08,42,房地产,1774223989.0,False,2026-05-06,20260401,20260506
296,00699.XHKG,均胜电子,JOYSON ELEC,"['sh', 'sz']",2025-11-06,30,汽车,1755994577.0,False,2026-05-06,20260401,20260506
297,00384.XHKG,中国燃气,CHINA GAS HOLD,"['sh', 'sz']",1995-10-20,20,电力及公用事业,1740549830.0,False,2026-05-06,20260401,20260506
298,00856.XHKG,伟仕佳杰,VSTECS,"['sh', 'sz']",2002-05-09,62,计算机,1739641979.0,False,2026-05-06,20260401,20260506
299,09927.XHKG,赛力斯,SERES,"['sh', 'sz']",2025-11-05,30,汽车,1732652735.0,False,2026-05-06,20260401,20260506
300,02661.XHKG,轻松健康,QINGSONG HEALTH,"['sh', 'sz']",2025-12-23,,,1729557826.0,False,2026-05-06,20260401,20260506
301,00666.XHKG,瑞浦兰钧,REPT BATTERO,"['sh', 'sz']",2023-12-18,27,电力设备及新能源,1718793133.0,False,2026-05-06,20260401,20260506
302,06666.XHKG,恒大物业,EVERG SERVICES,"['sh', 'sz']",2020-12-02,42,房地产,1703810622.0,False,2026-05-06,20260401,20260506
303,01735.XHKG,中环新能源,CENTRAL NEW EGY,"['sh', 'sz']",2018-03-29,23,建筑,1690817407.0,False,2026-05-06,20260401,20260506
304,00576.XHKG,浙江沪杭甬,ZHEJIANGEXPRESS,"['sh', 'sz']",1997-05-15,50,交通运输,1671719301.0,False,2026-05-06,20260401,20260506
305,01972.XHKG,太古地产,SWIREPROPERTIES,"['sh', 'sz']",2012-01-18,42,房地产,1663243833.0,False,2026-05-06,20260401,20260506
306,02590.XHKG,极智嘉-W,GEEKPLUS-W,"['sh', 'sz']",2025-07-09,26,机械,1661309246.0,False,2026-05-06,20260401,20260506
307,03311.XHKG,中国建筑国际,CHINA STATE CON,"['sh', 'sz']",2005-07-08,23,建筑,1629530878.0,False,2026-05-06,20260401,20260506
308,02617.XHKG,药捷安康-B,TRANSTHERA-B,"['sh', 'sz']",2025-06-23,35,医药,1625839724.0,False,2026-05-06,20260401,20260506
309,00220.XHKG,统一企业中国,U-PRESID CHINA,"['sh', 'sz']",2007-12-17,36,食品饮料,1606117456.0,False,2026-05-06,20260401,20260506
310,00101.XHKG,恒隆地产,HANG LUNG PPT,"['sh', 'sz']",1954-01-01,42,房地产,1602691156.0,False,2026-05-06,20260401,20260506
311,03996.XHKG,中国能源建设,CH ENERGY ENG,"['sh', 'sz']",2015-12-10,23,建筑,1598274300.0,False,2026-05-06,20260401,20260506
312,00551.XHKG,裕元集团,YUE YUEN IND,"['sh', 'sz']",1992-07-02,34,纺织服装,1593124732.0,False,2026-05-06,20260401,20260506
313,00270.XHKG,粤海投资,GUANGDONG INV,"['sh', 'sz']",1973-01-05,20,电力及公用事业,1590960515.0,False,2026-05-06,20260401,20260506
314,03677.XHKG,正力新能,ZENERGY,"['sh', 'sz']",2025-04-14,27,电力设备及新能源,1589283881.0,False,2026-05-06,20260401,20260506
315,02582.XHKG,国富氢能,GUOFUHEE,"['sh', 'sz']",2024-11-15,27,电力设备及新能源,1581829940.0,False,2026-05-06,20260401,20260506
316,02380.XHKG,中国电力,CHINA POWER,"['sh', 'sz']",2004-10-15,20,电力及公用事业,1566955556.0,False,2026-05-06,20260401,20260506
317,06186.XHKG,中国飞鹤,CHINA FEIHE,"['sh', 'sz']",2019-11-13,36,食品饮料,1565459441.0,False,2026-05-06,20260401,20260506
318,02575.XHKG,轩竹生物-B,XUANZHUBIO-B,"['sh', 'sz']",2025-10-15,35,医药,1559432613.0,False,2026-05-06,20260401,20260506
319,02432.XHKG,越疆,DOBOT,"['sh', 'sz']",2024-12-23,26,机械,1556920521.0,False,2026-05-06,20260401,20260506
320,03933.XHKG,联邦制药,UNITED LAB,"['sh', 'sz']",2007-06-15,35,医药,1540522342.0,False,2026-05-06,20260401,20260506
321,02419.XHKG,德康农牧,DEKON AGR,"['sh', 'sz']",2023-12-06,37,农林牧渔,1518630993.0,False,2026-05-06,20260401,20260506
322,02676.XHKG,纳芯微,NOVOSENSE,"['sh', 'sz']",2025-12-08,60,电子,1513389257.0,False,2026-05-06,20260401,20260506
323,01114.XHKG,BRILLIANCECHI,BRILLIANCE CHI,"['sh', 'sz']",1999-10-22,30,汽车,1505218511.0,False,2026-05-06,20260401,20260506
324,02533.XHKG,黑芝麻智能,BLACK SESAME,"['sh', 'sz']",2024-08-08,30,汽车,1472093831.0,False,2026-05-06,20260401,20260506
325,01044.XHKG,恒安国际,HENGAN INT'L,"['sh', 'sz']",1998-12-08,25,轻工制造,1471732308.0,False,2026-05-06,20260401,20260506
326,00354.XHKG,中国软件国际,CHINASOFT INT'L,"['sh', 'sz']",2008-12-29,62,计算机,1470490923.0,False,2026-05-06,20260401,20260506
327,03899.XHKG,中集安瑞科,CIMC ENRIC,"['sh', 'sz']",2006-07-20,26,机械,1464421672.0,False,2026-05-06,20260401,20260506
328,06069.XHKG,盛业,SY HOLDINGS,"['sh', 'sz']",2019-10-24,41,非银行金融,1450896766.0,False,2026-05-06,20260401,20260506
329,09858.XHKG,优然牧业,YOURAN DAIRY,"['sh', 'sz']",2021-06-18,37,农林牧渔,1432940469.0,False,2026-05-06,20260401,20260506
330,00696.XHKG,中国民航信息网络,TRAVELSKY TECH,"['sh', 'sz']",2001-02-07,62,计算机,1425530816.0,False,2026-05-06,20260401,20260506
331,01368.XHKG,特步国际,XTEP INT'L,"['sh', 'sz']",2008-06-03,34,纺织服装,1418288363.0,False,2026-05-06,20260401,20260506
332,02689.XHKG,玖龙纸业,ND PAPER,"['sh', 'sz']",2006-03-03,25,轻工制造,1415461228.0,False,2026-05-06,20260401,20260506
333,01302.XHKG,先健科技,LIFETECH SCI,"['sh', 'sz']",2013-11-06,35,医药,1408754312.0,False,2026-05-06,20260401,20260506
334,09981.XHKG,沃尔核材,WOER,"['sh', 'sz']",2026-02-13,60,电子,1400837561.0,False,2026-05-06,20260401,20260506
335,00867.XHKG,康哲药业,CMS,"['sh', 'sz']",2010-09-28,35,医药,1394316016.0,False,2026-05-06,20260401,20260506
336,06055.XHKG,中烟香港,CTIHK,"['sh', 'sz']",2019-06-12,25,轻工制造,1389661968.0,False,2026-05-06,20260401,20260506
337,00817.XHKG,中国金茂,CHINA JINMAO,"['sh', 'sz']",2007-08-17,42,房地产,1389213127.0,False,2026-05-06,20260401,20260506
338,02665.XHKG,图达通,SEYOND,"['sh', 'sz']",2025-12-10,,,1383936874.0,False,2026-05-06,20260401,20260506
339,03698.XHKG,徽商银行,HUISHANG BANK,"['sh', 'sz']",2013-11-12,40,银行,1381377816.0,False,2026-05-06,20260401,20260506
340,01060.XHKG,大麦娱乐,DAMAI ENT,"['sh', 'sz']",1994-05-12,63,传媒,1356301015.0,False,2026-05-06,20260401,20260506
341,02507.XHKG,西锐,CIRRUS,"['sh', 'sz']",2024-07-12,28,国防军工,1343263612.0,False,2026-05-06,20260401,20260506
342,01910.XHKG,新秀丽,SAMSONITE,"['sh', 'sz']",2011-06-16,34,纺织服装,1335486901.0,False,2026-05-06,20260401,20260506
343,01316.XHKG,耐世特,NEXTEER,"['sh', 'sz']",2013-10-07,30,汽车,1334001839.0,False,2026-05-06,20260401,20260506
344,00881.XHKG,中升控股,ZHONGSHENG HLDG,"['sh', 'sz']",2010-03-26,30,汽车,1310479561.0,False,2026-05-06,20260401,20260506
345,01579.XHKG,颐海国际,YIHAI INTL,"['sh', 'sz']",2016-07-13,36,食品饮料,1306250957.0,False,2026-05-06,20260401,20260506
346,00697.XHKG,首程控股,SHOUCHENG,"['sh', 'sz']",1991-04-30,42,房地产,1305246066.0,False,2026-05-06,20260401,20260506
347,02142.XHKG,和铂医药-B,HBM HOLDINGS-B,['sz'],2020-12-10,35,医药,1304462814.0,False,2026-05-06,20260401,20260506
348,02007.XHKG,碧桂园,COUNTRY GARDEN,"['sh', 'sz']",2007-04-20,42,房地产,1302763982.0,False,2026-05-06,20260401,20260506
349,00826.XHKG,天工国际,TIANGONG INT'L,"['sh', 'sz']",2007-07-26,21,钢铁,1301594714.0,False,2026-05-06,20260401,20260506
350,02282.XHKG,美高梅中国,MGM CHINA,"['sh', 'sz']",2011-06-03,32,消费者服务,1295053620.0,False,2026-05-06,20260401,20260506
351,06066.XHKG,中信建投证券,CSC,"['sh', 'sz']",2016-12-09,41,非银行金融,1265700366.0,False,2026-05-06,20260401,20260506
352,00004.XHKG,九龙仓集团,WHARF HOLDINGS,"['sh', 'sz']",1921-01-01,42,房地产,1261846395.0,False,2026-05-06,20260401,20260506
353,02233.XHKG,西部水泥,WESTCHINACEMENT,"['sh', 'sz']",2010-08-23,24,建材,1258521331.0,False,2026-05-06,20260401,20260506
354,01508.XHKG,中国再保险,CHINA RE,"['sh', 'sz']",2015-10-26,41,非银行金融,1256565186.0,False,2026-05-06,20260401,20260506
355,06600.XHKG,卧安机器人,ONEROBOTICS,"['sh', 'sz']",2025-12-30,,,1242819511.0,False,2026-05-06,20260401,20260506
356,02357.XHKG,中航科工,AVICHINA,"['sh', 'sz']",2003-10-30,28,国防军工,1241114429.0,False,2026-05-06,20260401,20260506
357,02648.XHKG,安井食品,ANJOY FOOD,"['sh', 'sz']",2025-07-04,36,食品饮料,1228661077.0,False,2026-05-06,20260401,20260506
358,01193.XHKG,华润燃气,CHINA RES GAS,"['sh', 'sz']",1994-11-07,20,电力及公用事业,1228568660.0,False,2026-05-06,20260401,20260506
359,01359.XHKG,中国信达,CHINA CINDA,"['sh', 'sz']",2013-12-12,43,综合金融,1224123605.0,False,2026-05-06,20260401,20260506
360,01921.XHKG,达力普控股,DALIPAL HLDG,"['sh', 'sz']",2019-11-08,26,机械,1212936087.0,False,2026-05-06,20260401,20260506
361,02202.XHKG,万科企业,CHINA VANKE,"['sh', 'sz']",2014-06-25,42,房地产,1212691038.0,False,2026-05-06,20260401,20260506
362,02039.XHKG,中集集团,CIMC,"['sh', 'sz']",2012-12-19,26,机械,1206884570.0,False,2026-05-06,20260401,20260506
363,02196.XHKG,复星医药,FOSUN PHARMA,"['sh', 'sz']",2012-10-30,35,医药,1204014265.0,False,2026-05-06,20260401,20260506
364,06683.XHKG,巨星传奇,STARPLUS LEGEND,"['sh', 'sz']",2023-07-13,63,传媒,1200842144.0,False,2026-05-06,20260401,20260506
365,03618.XHKG,重庆农村商业银行,CQRC BANK,"['sh', 'sz']",2010-12-16,40,银行,1198986444.0,False,2026-05-06,20260401,20260506
366,01478.XHKG,丘钛科技,Q TECH,"['sh', 'sz']",2014-12-02,60,电子,1197916055.0,False,2026-05-06,20260401,20260506
367,06963.XHKG,阳光保险,SUNSHINE INS,"['sh', 'sz']",2022-12-09,41,非银行金融,1193268293.0,False,2026-05-06,20260401,20260506
368,01057.XHKG,浙江世宝,ZHEJIANG SHIBAO,"['sh', 'sz']",2011-03-09,30,汽车,1192668146.0,False,2026-05-06,20260401,20260506
369,02105.XHKG,来凯医药-B,LAEKNA-B,"['sh', 'sz']",2023-06-29,35,医药,1190603275.0,False,2026-05-06,20260401,20260506
370,02685.XHKG,量化派,QUANTGROUP,"['sh', 'sz']",2025-11-27,,,1178367351.0,False,2026-05-06,20260401,20260506
371,00317.XHKG,中船防务,COMEC,"['sh', 'sz']",1993-08-06,28,国防军工,1165705082.0,False,2026-05-06,20260401,20260506
372,00371.XHKG,北控水务集团,BJ ENT WATER,"['sh', 'sz']",1993-04-19,20,电力及公用事业,1150546652.0,False,2026-05-06,20260401,20260506
373,00297.XHKG,中化化肥,SINOFERT,"['sh', 'sz']",1996-09-30,22,基础化工,1146726324.0,False,2026-05-06,20260401,20260506
374,06681.XHKG,脑动极光-B,BRAINAURORA-B,"['sh', 'sz']",2025-01-08,35,医药,1129576347.0,False,2026-05-06,20260401,20260506
375,03288.XHKG,海天味业,HAITIAN FLAV,"['sh', 'sz']",2025-06-19,36,食品饮料,1118899072.0,False,2026-05-06,20260401,20260506
376,02013.XHKG,微盟集团,WEIMOB INC,"['sh', 'sz']",2019-01-15,62,计算机,1116972426.0,False,2026-05-06,20260401,20260506
377,02431.XHKG,佑驾创新,MINIEYE,"['sh', 'sz']",2024-12-27,30,汽车,1111410971.0,False,2026-05-06,20260401,20260506
378,00257.XHKG,光大环境,EB ENVIRONMENT,"['sh', 'sz']",1973-01-01,20,电力及公用事业,1104832022.0,False,2026-05-06,20260401,20260506
379,00144.XHKG,招商局港口,CHINA MER PORT,"['sh', 'sz']",1992-07-15,50,交通运输,1103030449.0,False,2026-05-06,20260401,20260506
380,02145.XHKG,上美股份,CHICMAX,"['sh', 'sz']",2022-12-22,22,基础化工,1093103158.0,False,2026-05-06,20260401,20260506
381,09980.XHKG,东鹏饮料,EASTROC,"['sh', 'sz']",2026-02-03,36,食品饮料,1089563834.0,False,2026-05-06,20260401,20260506
382,02238.XHKG,广汽集团,GAC GROUP,"['sh', 'sz']",2010-08-30,30,汽车,1087265211.0,False,2026-05-06,20260401,20260506
383,02692.XHKG,兆威机电,ZHAOWEI,"['sh', 'sz']",2026-03-09,26,机械,1085866844.0,False,2026-05-06,20260401,20260506
384,03396.XHKG,联想控股,LEGENDHOLDING,"['sh', 'sz']",2015-06-29,43,综合金融,1082347232.0,False,2026-05-06,20260401,20260506
385,01071.XHKG,华电国际电力股份,HUADIAN POWER,"['sh', 'sz']",1999-06-30,20,电力及公用事业,1081228332.0,False,2026-05-06,20260401,20260506
386,06936.XHKG,顺丰控股,SF HOLDING,"['sh', 'sz']",2024-11-27,50,交通运输,1076178367.0,False,2026-05-06,20260401,20260506
387,00017.XHKG,新世界发展,NEW WORLD DEV,"['sh', 'sz']",1972-11-23,42,房地产,1071177398.0,False,2026-05-06,20260401,20260506
388,00656.XHKG,复星国际,FOSUN INTL,"['sh', 'sz']",2007-07-16,43,综合金融,1045872106.0,False,2026-05-06,20260401,20260506
389,00546.XHKG,阜丰集团,FUFENG GROUP,"['sh', 'sz']",2007-02-08,36,食品饮料,1043858902.0,False,2026-05-06,20260401,20260506
390,00467.XHKG,联合能源集团,UNITEDENERGY GP,"['sh', 'sz']",1992-04-08,10,石油石化,1028977822.0,False,2026-05-06,20260401,20260506
391,01304.XHKG,FORTIOR,FORTIOR,"['sh', 'sz']",2025-07-09,60,电子,1003838263.0,False,2026-05-06,20260401,20260506
392,02273.XHKG,固生堂,GUSHENGTANG,"['sh', 'sz']",2021-12-10,35,医药,974902388.0,False,2026-05-06,20260401,20260506
393,01277.XHKG,力量发展,KINETIC DEV,"['sh', 'sz']",2012-03-23,11,煤炭,974591991.0,False,2026-05-06,20260401,20260506
394,06655.XHKG,华新建材,HX BLDG MAT,"['sh', 'sz']",2022-03-28,24,建材,971345565.0,False,2026-05-06,20260401,20260506
395,02588.XHKG,中银航空租赁,BOC AVIATION,"['sh', 'sz']",2016-06-01,41,非银行金融,964687123.0,False,2026-05-06,20260401,20260506
396,01286.XHKG,鹰普精密,IMPRO PRECISION,['sz'],2019-06-28,26,机械,953610202.0,False,2026-05-06,20260401,20260506
397,06865.XHKG,福莱特玻璃,FLAT GLASS,"['sh', 'sz']",2015-11-26,27,电力设备及新能源,939475851.0,False,2026-05-06,20260401,20260506
398,02158.XHKG,医渡科技,YIDU TECH,"['sh', 'sz']",2021-01-15,35,医药,938930733.0,False,2026-05-06,20260401,20260506
399,03360.XHKG,远东宏信,FE HORIZON,"['sh', 'sz']",2011-03-30,41,非银行金融,928174984.0,False,2026-05-06,20260401,20260506
400,01882.XHKG,海天国际,HAITIAN INT'L,"['sh', 'sz']",2006-12-22,26,机械,902239216.0,False,2026-05-06,20260401,20260506
401,00460.XHKG,四环医药,SIHUAN PHARM,"['sh', 'sz']",2010-10-28,35,医药,892660981.0,False,2026-05-06,20260401,20260506
402,06818.XHKG,中国光大银行,CEB BANK,"['sh', 'sz']",2013-12-20,40,银行,881822408.0,False,2026-05-06,20260401,20260506
403,09985.XHKG,卫龙美味,WL DELICIOUS,"['sh', 'sz']",2022-12-15,36,食品饮料,866492600.0,False,2026-05-06,20260401,20260506
404,00123.XHKG,越秀地产,YUEXIU PROPERTY,"['sh', 'sz']",1992-12-15,42,房地产,862642867.0,False,2026-05-06,20260401,20260506
405,00152.XHKG,深圳国际,SHENZHEN INT'L,"['sh', 'sz']",1972-09-25,50,交通运输,860604614.0,False,2026-05-06,20260401,20260506
406,06687.XHKG,聚水潭,JST GROUP,"['sh', 'sz']",2025-10-21,,,853743171.0,False,2026-05-06,20260401,20260506
407,02128.XHKG,中国联塑,CHINA LESSO,"['sh', 'sz']",2010-06-23,24,建材,851528231.0,False,2026-05-06,20260401,20260506
408,00325.XHKG,布鲁可,BLOKS,"['sh', 'sz']",2025-01-10,63,传媒,842354981.0,False,2026-05-06,20260401,20260506
409,02493.XHKG,迈威生物-B,MABWELL-B,"['sh', 'sz']",2026-04-28,,,826908647.0,False,2026-05-06,20260401,20260506
410,02799.XHKG,中信金融资产,CITIC FAMC,"['sh', 'sz']",2015-10-30,43,综合金融,816938831.0,False,2026-05-06,20260401,20260506
411,00336.XHKG,华宝国际,HUABAO INTL,"['sh', 'sz']",1992-01-22,25,轻工制造,814623812.0,False,2026-05-06,20260401,20260506
412,02565.XHKG,派格生物医药-B,PEGBIO CO-B,"['sh', 'sz']",2025-05-27,35,医药,814072147.0,False,2026-05-06,20260401,20260506
413,01686.XHKG,新意网集团,SUNEVISION,"['sh', 'sz']",2018-01-22,62,计算机,811040618.0,False,2026-05-06,20260401,20260506
414,00177.XHKG,江苏宁沪高速公路,JIANGSU EXPRESS,"['sh', 'sz']",1997-06-27,50,交通运输,810339487.0,False,2026-05-06,20260401,20260506
415,01800.XHKG,中国交通建设,CHINA COMM CONS,"['sh', 'sz']",2006-12-15,23,建筑,807032338.0,False,2026-05-06,20260401,20260506
416,06099.XHKG,招商证券,CMSC,"['sh', 'sz']",2016-10-07,41,非银行金融,806954175.0,False,2026-05-06,20260401,20260506
417,02607.XHKG,上海医药,SH PHARMA,"['sh', 'sz']",2011-05-20,35,医药,799291687.0,False,2026-05-06,20260401,20260506
418,01951.XHKG,锦欣生殖,JXR,"['sh', 'sz']",2019-06-25,35,医药,793983235.0,False,2026-05-06,20260401,20260506
419,03268.XHKG,美格智能,MEIG,"['sh', 'sz']",2026-03-10,60,电子,786649869.0,False,2026-05-06,20260401,20260506
420,02587.XHKG,健康之路,HEALTHYWAY INC,"['sh', 'sz']",2024-12-30,62,计算机,783729791.0,False,2026-05-06,20260401,20260506
421,02386.XHKG,中石化炼化工程,SINOPEC SEG,"['sh', 'sz']",2013-05-23,10,石油石化,770651598.0,False,2026-05-06,20260401,20260506
422,06078.XHKG,海吉亚医疗,HYGEIA HEALTH,"['sh', 'sz']",2020-06-29,35,医药,763712252.0,False,2026-05-06,20260401,20260506
423,01310.XHKG,香港宽频,HKBN,"['sh', 'sz']",2015-03-12,61,通信,757408723.0,False,2026-05-06,20260401,20260506
424,01112.XHKG,H&H国际控股,H&H INTL HLDG,"['sh', 'sz']",2010-12-17,36,食品饮料,756792635.0,False,2026-05-06,20260401,20260506
425,02555.XHKG,茶百道,CHABAIDAO,"['sh', 'sz']",2024-04-23,31,商贸零售,756441237.0,False,2026-05-06,20260401,20260506
426,06955.XHKG,博安生物,BOAN BIOTECH,"['sh', 'sz']",2022-12-30,35,医药,755418637.0,False,2026-05-06,20260401,20260506
427,06979.XHKG,珍酒李渡,ZJLD,"['sh', 'sz']",2023-04-27,36,食品饮料,753287380.0,False,2026-05-06,20260401,20260506
428,02038.XHKG,富智康集团,FIH,"['sh', 'sz']",2005-02-03,60,电子,749116724.0,False,2026-05-06,20260401,20260506
429,00512.XHKG,远大医药,GRANDPHARMA,"['sh', 'sz']",1995-12-19,35,医药,743373351.0,False,2026-05-06,20260401,20260506
430,01789.XHKG,爱康医疗,AK MEDICAL,"['sh', 'sz']",2017-12-20,35,医药,743109875.0,False,2026-05-06,20260401,20260506
431,00165.XHKG,中国光大控股,CHINA EB LTD,"['sh', 'sz']",1973-02-26,43,综合金融,737587413.0,False,2026-05-06,20260401,20260506
432,00119.XHKG,保利置业集团,POLY PROPERTY,"['sh', 'sz']",1973-08-30,42,房地产,735720743.0,False,2026-05-06,20260401,20260506
433,01333.XHKG,博雷顿,BRETON,"['sh', 'sz']",2025-05-07,26,机械,735452362.0,False,2026-05-06,20260401,20260506
434,00552.XHKG,中国通信服务,CHINACOMSERVICE,"['sh', 'sz']",2006-12-08,61,通信,729611518.0,False,2026-05-06,20260401,20260506
435,00142.XHKG,第一太平,FIRST PACIFIC,"['sh', 'sz']",1988-09-12,36,食品饮料,726270782.0,False,2026-05-06,20260401,20260506
436,02643.XHKG,曹操出行,CAOCAO INC,"['sh', 'sz']",2025-06-25,50,交通运输,718443826.0,False,2026-05-06,20260401,20260506
437,01610.XHKG,中粮家佳康,COFCO JOYCOME,"['sh', 'sz']",2016-11-01,37,农林牧渔,717755316.0,False,2026-05-06,20260401,20260506
438,06098.XHKG,碧桂园服务,CG SERVICES,"['sh', 'sz']",2018-06-19,42,房地产,717683093.0,False,2026-05-06,20260401,20260506
439,02768.XHKG,国恩科技,GON TECHNOLOGY,"['sh', 'sz']",2026-02-04,22,基础化工,703150632.0,False,2026-05-06,20260401,20260506
440,02669.XHKG,中海物业,CHINA OVS PPT,"['sh', 'sz']",2015-10-23,42,房地产,702395406.0,False,2026-05-06,20260401,20260506
441,06198.XHKG,青岛港,QINGDAO PORT,"['sh', 'sz']",2014-06-06,50,交通运输,702038334.0,False,2026-05-06,20260401,20260506
442,06110.XHKG,滔搏,TOPSPORTS,"['sh', 'sz']",2019-10-10,34,纺织服装,699607240.0,False,2026-05-06,20260401,20260506
443,00995.XHKG,安徽皖通高速公路,ANHUIEXPRESSWAY,"['sh', 'sz']",1996-11-13,50,交通运输,695758157.0,False,2026-05-06,20260401,20260506
444,00038.XHKG,第一拖拉机股份,FIRST TRACTOR,"['sh', 'sz']",1997-06-23,26,机械,693288570.0,False,2026-05-06,20260401,20260506
445,00553.XHKG,南京熊猫电子股份,NANJING PANDA,"['sh', 'sz']",1996-05-02,61,通信,693104298.0,False,2026-05-06,20260401,20260506
446,00683.XHKG,嘉里建设,KERRY PPT,"['sh', 'sz']",1996-08-05,42,房地产,691591784.0,False,2026-05-06,20260401,20260506
447,00564.XHKG,中创智领,ZCZL,"['sh', 'sz']",2012-12-05,26,机械,689270100.0,False,2026-05-06,20260401,20260506
448,00014.XHKG,希慎兴业,HYSAN DEV,"['sh', 'sz']",1981-09-18,42,房地产,685606875.0,False,2026-05-06,20260401,20260506
449,02687.XHKG,卓越睿新,ABLE DIGITAL,"['sh', 'sz']",2025-12-08,,,683039765.0,False,2026-05-06,20260401,20260506
450,02155.XHKG,森松国际,MORIMATSU INTL,"['sh', 'sz']",2021-06-28,26,机械,680973388.0,False,2026-05-06,20260401,20260506
451,00392.XHKG,北京控股,BEIJING ENT,"['sh', 'sz']",1997-05-29,20,电力及公用事业,671280176.0,False,2026-05-06,20260401,20260506
452,01513.XHKG,丽珠医药,LIVZON PHARMA,"['sh', 'sz']",2014-01-16,35,医药,668290389.0,False,2026-05-06,20260401,20260506
453,02570.XHKG,重塑能源,REFIRE,"['sh', 'sz']",2024-12-06,27,电力设备及新能源,661402198.0,False,2026-05-06,20260401,20260506
454,02603.XHKG,吉宏股份,JIHONG CO,"['sh', 'sz']",2025-05-27,31,商贸零售,652394335.0,False,2026-05-06,20260401,20260506
455,02698.XHKG,乐舒适,SOFTCARE,"['sh', 'sz']",2025-11-10,,,649144840.0,False,2026-05-06,20260401,20260506
456,02343.XHKG,太平洋航运,PACIFIC BASIN,"['sh', 'sz']",2004-07-14,50,交通运输,643917531.0,False,2026-05-06,20260401,20260506
457,01030.XHKG,新城发展,SEAZEN,"['sh', 'sz']",2012-11-29,42,房地产,629843607.0,False,2026-05-06,20260401,20260506
458,02602.XHKG,万物云,ONEWO,"['sh', 'sz']",2022-09-29,42,房地产,624937836.0,False,2026-05-06,20260401,20260506
459,01186.XHKG,中国铁建,CHINA RAIL CONS,"['sh', 'sz']",2008-03-13,23,建筑,610039238.0,False,2026-05-06,20260401,20260506
460,06806.XHKG,申万宏源,SWHY,"['sh', 'sz']",2019-04-26,41,非银行金融,608865751.0,False,2026-05-06,20260401,20260506
461,06185.XHKG,康希诺生物,CANSINOBIO,"['sh', 'sz']",2019-03-28,35,医药,602894650.0,False,2026-05-06,20260401,20260506
462,03877.XHKG,中国船舶租赁,CSSC SHIPPING,"['sh', 'sz']",2019-06-17,41,非银行金融,602813879.0,False,2026-05-06,20260401,20260506
463,00598.XHKG,中国外运,SINOTRANS,"['sh', 'sz']",2003-02-13,50,交通运输,599850988.0,False,2026-05-06,20260401,20260506
464,09699.XHKG,顺丰同城,SF INTRA-CITY,"['sh', 'sz']",2021-12-14,50,交通运输,597563876.0,False,2026-05-06,20260401,20260506
465,00323.XHKG,马鞍山钢铁股份,MAANSHAN IRON,"['sh', 'sz']",1993-11-03,21,钢铁,579952701.0,False,2026-05-06,20260401,20260506
466,00303.XHKG,VTECHHOLDINGS,VTECH HOLDINGS,"['sh', 'sz']",1992-11-05,60,电子,579808975.0,False,2026-05-06,20260401,20260506
467,00008.XHKG,电讯盈科,PCCW,"['sh', 'sz']",1994-10-18,61,通信,579703756.0,True,2026-05-06,20260401,20260506
468,02858.XHKG,易鑫集团,YIXIN,"['sh', 'sz']",2017-11-16,43,综合金融,579430187.0,False,2026-05-06,20260401,20260506
469,01618.XHKG,中国中冶,MCC,"['sh', 'sz']",2009-09-24,23,建筑,566205964.0,False,2026-05-06,20260401,20260506
470,00590.XHKG,六福集团,LUK FOOK HOLD,"['sh', 'sz']",1997-05-06,31,商贸零售,565617134.0,False,2026-05-06,20260401,20260506
471,00588.XHKG,北京北辰实业股份,BEIJING N STAR,"['sh', 'sz']",1997-05-14,42,房地产,560133280.0,False,2026-05-06,20260401,20260506
472,07618.XHKG,京东工业,JD INDUSTRIALS,"['sh', 'sz']",2025-12-11,,,555486664.0,False,2026-05-06,20260401,20260506
473,06049.XHKG,保利物业,POLY PPT SER,"['sh', 'sz']",2019-12-19,42,房地产,551590337.0,False,2026-05-06,20260401,20260506
474,01896.XHKG,猫眼娱乐,MAOYAN ENT,"['sh', 'sz']",2019-02-04,63,传媒,546638632.0,False,2026-05-06,20260401,20260506
475,01167.XHKG,加科思-B,JACOBIO-B,"['sh', 'sz']",2020-12-21,35,医药,546356493.0,False,2026-05-06,20260401,20260506
476,01773.XHKG,天立国际控股,TIANLI INT HLDG,"['sh', 'sz']",2018-07-12,32,消费者服务,537830775.0,False,2026-05-06,20260401,20260506
477,00990.XHKG,至源控股,DEEP SOURCE,"['sh', 'sz']",1994-01-25,70,综合,537215703.0,False,2026-05-06,20260401,20260506
478,00956.XHKG,新天绿色能源,CHINA SUNTIEN,"['sh', 'sz']",2010-10-13,20,电力及公用事业,535721339.0,False,2026-05-06,20260401,20260506
479,01681.XHKG,康臣药业,CONSUN PHARMA,"['sh', 'sz']",2013-12-19,35,医药,533170651.0,False,2026-05-06,20260401,20260506
480,00187.XHKG,京城机电股份,JINGCHENG MAC,"['sh', 'sz']",1993-08-06,26,机械,532470800.0,False,2026-05-06,20260401,20260506
481,01999.XHKG,敏华控股,MAN WAH HLDGS,"['sh', 'sz']",2010-04-09,25,轻工制造,531008513.0,False,2026-05-06,20260401,20260506
482,02715.XHKG,埃斯顿,ESTUN,"['sh', 'sz']",2026-03-09,26,机械,530761488.0,False,2026-05-06,20260401,20260506
483,00200.XHKG,新濠国际发展,MELCO INT'L DEV,"['sh', 'sz']",1981-08-13,32,消费者服务,521744701.0,False,2026-05-06,20260401,20260506
484,00975.XHKG,MONGOLMINING,MONGOL MINING,"['sh', 'sz']",2010-10-13,11,煤炭,517898473.0,False,2026-05-06,20260401,20260506
485,00650.XHKG,普达特科技,PRODUCTIVE TECH,"['sh', 'sz']",1992-10-07,10,石油石化,515672891.0,False,2026-05-06,20260401,20260506
486,02410.XHKG,同源康医药-B,TYK MEDICINES-B,"['sh', 'sz']",2024-08-20,35,医药,512938857.0,False,2026-05-06,20260401,20260506
487,00921.XHKG,海信家电,HISENSE HA,"['sh', 'sz']",1996-07-23,33,家电,508954446.0,False,2026-05-06,20260401,20260506
488,00107.XHKG,四川成渝高速公路,SICHUAN EXPRESS,"['sh', 'sz']",1997-10-07,50,交通运输,507845915.0,False,2026-05-06,20260401,20260506
489,00999.XHKG,小菜园,XIAOCAIYUAN,"['sh', 'sz']",2024-12-20,32,消费者服务,505978604.0,False,2026-05-06,20260401,20260506
490,00874.XHKG,白云山,BAIYUNSHAN PH,"['sh', 'sz']",1997-10-30,35,医药,489695282.0,False,2026-05-06,20260401,20260506
491,01117.XHKG,现代牧业,CH MODERN D,"['sh', 'sz']",2010-11-26,36,食品饮料,478913382.0,False,2026-05-06,20260401,20260506
492,09966.XHKG,康宁杰瑞制药-B,ALPHAMAB-B,"['sh', 'sz']",2019-12-12,35,医药,477906311.0,False,2026-05-06,20260401,20260506
493,00639.XHKG,首钢资源,SHOUGANG RES,"['sh', 'sz']",1990-10-02,11,煤炭,477368757.0,False,2026-05-06,20260401,20260506
494,00579.XHKG,京能清洁能源,JNCEC,['sz'],2011-12-22,20,电力及公用事业,476375167.0,False,2026-05-06,20260401,20260506
495,02232.XHKG,晶苑国际,CRYSTAL INTL,"['sh', 'sz']",2017-11-03,34,纺织服装,475195074.0,False,2026-05-06,20260401,20260506
496,00010.XHKG,恒隆集团,HANG LUNG GROUP,"['sh', 'sz']",1972-10-12,42,房地产,475083526.0,False,2026-05-06,20260401,20260506
497,09890.XHKG,贪玩,TANWAN,"['sh', 'sz']",2023-09-28,63,传媒,474047508.0,False,2026-05-06,20260401,20260506
498,00570.XHKG,中国中药,TRAD CHI MED,"['sh', 'sz']",1993-04-07,35,医药,472248856.0,False,2026-05-06,20260401,20260506
499,01798.XHKG,大唐新能源,DATANG RENEW,"['sh', 'sz']",2010-12-17,20,电力及公用事业,471424861.0,False,2026-05-06,20260401,20260506
500,00667.XHKG,中国东方教育,CHINA EAST EDU,"['sh', 'sz']",2019-06-12,32,消费者服务,470337574.0,False,2026-05-06,20260401,20260506
501,01375.XHKG,中州证券,CC SECURITIES,"['sh', 'sz']",2014-06-25,41,非银行金融,469830959.0,False,2026-05-06,20260401,20260506
502,01199.XHKG,中远海运港口,COSCO SHIP PORT,"['sh', 'sz']",1994-12-19,50,交通运输,466236999.0,False,2026-05-06,20260401,20260506
503,00151.XHKG,中国旺旺,WANT WANT CHINA,"['sh', 'sz']",2008-03-26,36,食品饮料,463370216.0,False,2026-05-06,20260401,20260506
504,01128.XHKG,永利澳门,WYNN MACAU,"['sh', 'sz']",2009-10-09,32,消费者服务,461963432.0,False,2026-05-06,20260401,20260506
505,06603.XHKG,IFBH,IFBH,"['sh', 'sz']",2025-06-30,36,食品饮料,458151685.0,False,2026-05-06,20260401,20260506
506,02866.XHKG,中远海发,COSCO SHIP DEV,"['sh', 'sz']",2004-06-16,50,交通运输,450165998.0,False,2026-05-06,20260401,20260506
507,00338.XHKG,上海石油化工股份,SHANGHAI PECHEM,"['sh', 'sz']",1993-07-26,10,石油石化,448806883.0,False,2026-05-06,20260401,20260506
508,06616.XHKG,环球新材国际,GLOBAL NEW MAT,"['sh', 'sz']",2021-07-16,22,基础化工,447243476.0,False,2026-05-06,20260401,20260506
509,01196.XHKG,伟禄集团,REALORD GROUP,"['sh', 'sz']",1997-01-20,20,电力及公用事业,442154695.0,False,2026-05-06,20260401,20260506
510,01405.XHKG,达势股份,DPC DASH,"['sh', 'sz']",2023-03-28,32,消费者服务,439435097.0,False,2026-05-06,20260401,20260506
511,01313.XHKG,华润建材科技,CR BLDG MAT TEC,"['sh', 'sz']",2009-10-06,24,建材,438342152.0,False,2026-05-06,20260401,20260506
512,01783.XHKG,晋景新能,ENVISION GREEN,"['sh', 'sz']",2018-08-22,23,建筑,428781040.0,False,2026-05-06,20260401,20260506
513,01187.XHKG,可孚医疗,COFOE MEDICAL,"['sh', 'sz']",2026-05-06,,,428005953.0,False,2026-05-06,20260401,20260506
514,00525.XHKG,广深铁路股份,GUANGSHEN RAIL,"['sh', 'sz']",1996-05-14,50,交通运输,427794003.0,False,2026-05-06,20260401,20260506
515,02016.XHKG,浙商银行,CZBANK,"['sh', 'sz']",2016-03-30,40,银行,427792452.0,False,2026-05-06,20260401,20260506
516,03306.XHKG,江南布衣,JNBY,"['sh', 'sz']",2016-10-31,34,纺织服装,420892933.0,False,2026-05-06,20260401,20260506
517,09611.XHKG,龙旗科技,LONGCHEER,"['sh', 'sz']",2026-01-22,60,电子,416509997.0,False,2026-05-06,20260401,20260506
518,03678.XHKG,弘业期货,HOLLY FUTURES,"['sh', 'sz']",2015-12-30,41,非银行金融,415673745.0,False,2026-05-06,20260401,20260506
519,03339.XHKG,中国龙工,LONKING,"['sh', 'sz']",2005-11-17,26,机械,414902304.0,False,2026-05-06,20260401,20260506
520,02522.XHKG,一脉阳光,RIMAG GROUP,"['sh', 'sz']",2024-06-07,35,医药,412085154.0,False,2026-05-06,20260401,20260506
521,02510.XHKG,德翔海运,TS LINES,"['sh', 'sz']",2024-11-01,50,交通运输,411048026.0,False,2026-05-06,20260401,20260506
522,00081.XHKG,中国海外宏洋集团,CH OVS G OCEANS,"['sh', 'sz']",1984-04-26,42,房地产,407182559.0,False,2026-05-06,20260401,20260506
523,03866.XHKG,青岛银行,BQD,"['sh', 'sz']",2015-12-03,40,银行,401420489.0,False,2026-05-06,20260401,20260506
524,00363.XHKG,上海实业控股,SHANGHAI IND H,"['sh', 'sz']",1996-05-30,43,综合金融,398942552.0,False,2026-05-06,20260401,20260506
525,01108.XHKG,凯盛新能,TRIUMPH NEW EN,"['sh', 'sz']",1994-07-08,24,建材,395611280.0,False,2026-05-06,20260401,20260506
526,02580.XHKG,奥克斯电气,AUX ELECTRIC,"['sh', 'sz']",2025-09-02,33,家电,393219873.0,False,2026-05-06,20260401,20260506
527,00116.XHKG,周生生,CHOW SANG SANG,"['sh', 'sz']",1973-04-06,31,商贸零售,375438053.0,False,2026-05-06,20260401,20260506
528,02591.XHKG,银诺医药-B,INNOGEN-B,"['sh', 'sz']",2025-08-15,35,医药,375422868.0,False,2026-05-06,20260401,20260506
529,00880.XHKG,澳博控股,SJM HOLDINGS,"['sh', 'sz']",2008-07-16,32,消费者服务,374155541.0,False,2026-05-06,20260401,20260506
530,02342.XHKG,京信通信,COMBA,['sz'],2003-07-15,61,通信,367639966.0,False,2026-05-06,20260401,20260506
531,06178.XHKG,光大证券,EB SECURITIES,"['sh', 'sz']",2016-08-18,41,非银行金融,366435288.0,False,2026-05-06,20260401,20260506
532,02691.XHKG,南华期货股份,NANHUA FUTURES,"['sh', 'sz']",2025-12-22,41,非银行金融,362693305.0,False,2026-05-06,20260401,20260506
533,03969.XHKG,中国通号,CHINA CRSC,"['sh', 'sz']",2015-08-07,26,机械,360353108.0,False,2026-05-06,20260401,20260506
534,02586.XHKG,多点数智,DMALL,"['sh', 'sz']",2024-12-06,31,商贸零售,359987513.0,False,2026-05-06,20260401,20260506
535,02583.XHKG,西普尼,HIPINE,"['sh', 'sz']",2025-09-30,34,纺织服装,358434807.0,False,2026-05-06,20260401,20260506
536,00638.XHKG,广和通,FIBOCOM,"['sh', 'sz']",2025-10-22,61,通信,351502649.0,False,2026-05-06,20260401,20260506
537,02460.XHKG,华润饮料,CR BEVERAGE,"['sh', 'sz']",2024-10-23,36,食品饮料,346444426.0,False,2026-05-06,20260401,20260506
538,00694.XHKG,北京首都机场股份,BEIJING AIRPORT,"['sh', 'sz']",2000-02-01,50,交通运输,346347971.0,False,2026-05-06,20260401,20260506
539,02285.XHKG,泉峰控股,CHERVON,"['sh', 'sz']",2021-12-30,26,机械,346101928.0,False,2026-05-06,20260401,20260506
540,02172.XHKG,微创脑科学,MICROPORT NEURO,"['sh', 'sz']",2022-07-15,35,医药,345493913.0,False,2026-05-06,20260401,20260506
541,00839.XHKG,中教控股,CHINA EDU GROUP,"['sh', 'sz']",2017-12-15,32,消费者服务,343995165.0,False,2026-05-06,20260401,20260506
542,02068.XHKG,中铝国际,CHALIECO,"['sh', 'sz']",2012-07-06,23,建筑,343697345.0,False,2026-05-06,20260401,20260506
543,01456.XHKG,国联民生,GLMS SEC,"['sh', 'sz']",2015-07-06,41,非银行金融,343602311.0,False,2026-05-06,20260401,20260506
544,02005.XHKG,石四药集团,SSY GROUP,"['sh', 'sz']",2005-12-20,35,医药,338667511.0,False,2026-05-06,20260401,20260506
545,02666.XHKG,环球医疗,UNI MEDICAL,"['sh', 'sz']",2015-07-08,35,医药,337933659.0,False,2026-05-06,20260401,20260506
546,03788.XHKG,罕王黄金,HANKING GOLD,['sz'],2011-09-30,21,钢铁,333736708.0,False,2026-05-06,20260401,20260506
547,00777.XHKG,网龙,NETDRAGON,"['sh', 'sz']",2008-06-24,63,传媒,329219413.0,False,2026-05-06,20260401,20260506
548,02197.XHKG,三叶草生物-B,CLOVER BIO-B,"['sh', 'sz']",2021-11-05,35,医药,321425129.0,False,2026-05-06,20260401,20260506
549,06168.XHKG,周六福,ZHOU LIU FU,"['sh', 'sz']",2025-06-26,31,商贸零售,321167615.0,False,2026-05-06,20260401,20260506
550,01811.XHKG,中广核新能源,CGN NEW ENERGY,"['sh', 'sz']",2014-10-03,20,电力及公用事业,320047918.0,False,2026-05-06,20260401,20260506
551,02877.XHKG,神威药业,SHINEWAY PHARM,"['sh', 'sz']",2004-12-02,35,医药,311800596.0,False,2026-05-06,20260401,20260506
552,09885.XHKG,药师帮,YSB,"['sh', 'sz']",2023-06-28,35,医药,308380430.0,False,2026-05-06,20260401,20260506
553,01858.XHKG,春立医疗,CHUNLI MEDICAL,"['sh', 'sz']",2015-03-11,35,医药,303730015.0,False,2026-05-06,20260401,20260506
554,01836.XHKG,九兴控股,STELLA HOLDINGS,"['sh', 'sz']",2007-07-06,34,纺织服装,303330163.0,False,2026-05-06,20260401,20260506
555,00506.XHKG,中国食品,CHINA FOODS,"['sh', 'sz']",1988-10-07,36,食品饮料,301096711.0,False,2026-05-06,20260401,20260506
556,06996.XHKG,德琪医药-B,ANTENGENE-B,['sz'],2020-11-20,35,医药,294905889.0,False,2026-05-06,20260401,20260506
557,00087.XHKG,太古股份公司B,SWIRE PACIFIC B,"['sh', 'sz']",1973-05-01,43,综合金融,294314839.0,False,2026-05-06,20260401,20260506
558,02652.XHKG,长风药业,CF PHARMTECH,"['sh', 'sz']",2025-10-08,35,医药,293347329.0,False,2026-05-06,20260401,20260506
559,00548.XHKG,深圳高速公路股份,SHENZHENEXPRESS,"['sh', 'sz']",1997-03-12,50,交通运输,292787811.0,False,2026-05-06,20260401,20260506
560,00811.XHKG,新华文轩,XINHUA WINSHARE,"['sh', 'sz']",2007-05-30,63,传媒,292382483.0,False,2026-05-06,20260401,20260506
561,01528.XHKG,红星美凯龙,RS MACALLINE,"['sh', 'sz']",2015-06-26,31,商贸零售,291706380.0,False,2026-05-06,20260401,20260506
562,02192.XHKG,医脉通,MEDLIVE,"['sh', 'sz']",2021-07-15,35,医药,290485591.0,False,2026-05-06,20260401,20260506
563,02416.XHKG,易点云,EDIANYUN,"['sh', 'sz']",2023-05-25,62,计算机,282976176.0,False,2026-05-06,20260401,20260506
564,02378.XHKG,保诚,PRU,"['sh', 'sz']",2010-05-25,41,非银行金融,275984748.0,False,2026-05-06,20260401,20260506
565,06998.XHKG,亿腾嘉和,EDDING GENOR,['sz'],2020-10-07,35,医药,270565275.0,False,2026-05-06,20260401,20260506
566,02314.XHKG,理文造纸,LEE & MAN PAPER,"['sh', 'sz']",2003-09-26,25,轻工制造,270304240.0,False,2026-05-06,20260401,20260506
567,09690.XHKG,途虎-W,TUHU-W,"['sh', 'sz']",2023-09-26,30,汽车,270111543.0,False,2026-05-06,20260401,20260506
568,02356.XHKG,大新银行集团,DAHSING BANKING,"['sh', 'sz']",2004-06-30,40,银行,268980736.0,False,2026-05-06,20260401,20260506
569,00347.XHKG,鞍钢股份,ANGANG STEEL,"['sh', 'sz']",1997-07-24,21,钢铁,268481567.0,False,2026-05-06,20260401,20260506
570,09993.XHKG,金辉控股,RADIANCE HLDGS,"['sh', 'sz']",2020-10-29,42,房地产,266353844.0,False,2026-05-06,20260401,20260506
571,00023.XHKG,东亚银行,BANK OF E ASIA,"['sh', 'sz']",1921-01-01,40,银行,263367331.0,False,2026-05-06,20260401,20260506
572,02869.XHKG,绿城服务,GREENTOWN SER,"['sh', 'sz']",2016-07-12,42,房地产,259302846.0,False,2026-05-06,20260401,20260506
573,01330.XHKG,绿色动力环保,DYNAGREEN ENV,"['sh', 'sz']",2014-06-19,20,电力及公用事业,249266159.0,False,2026-05-06,20260401,20260506
574,01799.XHKG,新特能源,XINTE ENERGY,"['sh', 'sz']",2015-12-30,27,电力设备及新能源,249126950.0,False,2026-05-06,20260401,20260506
575,00400.XHKG,硬蛋创新,INGDAN,"['sh', 'sz']",2014-07-18,31,商贸零售,246254202.0,False,2026-05-06,20260401,20260506
576,00517.XHKG,中远海运国际,COSCO SHIP INTL,['sz'],1992-02-11,50,交通运输,244121596.0,False,2026-05-06,20260401,20260506
577,01141.XHKG,民银资本,CMBC CAPITAL,"['sh', 'sz']",1998-03-12,43,综合金融,243797543.0,False,2026-05-06,20260401,20260506
578,00799.XHKG,IGG,IGG,['sz'],2015-07-07,63,传媒,241941821.0,False,2026-05-06,20260401,20260506
579,00951.XHKG,超威动力,CHAOWEI POWER,['sz'],2010-07-07,27,电力设备及新能源,240584798.0,False,2026-05-06,20260401,20260506
580,03918.XHKG,金界控股,NAGACORP,"['sh', 'sz']",2006-10-19,32,消费者服务,237076480.0,False,2026-05-06,20260401,20260506
581,03633.XHKG,中裕能源,ZHONGYU ENERGY,"['sh', 'sz']",2012-07-11,20,电力及公用事业,236565779.0,False,2026-05-06,20260401,20260506
582,00909.XHKG,明源云,MING YUAN CLOUD,"['sh', 'sz']",2020-09-25,62,计算机,225959781.0,False,2026-05-06,20260401,20260506
583,00178.XHKG,莎莎国际,SA SA INT'L,"['sh', 'sz']",1997-06-13,31,商贸零售,223691448.0,False,2026-05-06,20260401,20260506
584,01675.XHKG,亚信科技,ASIAINFO TECH,"['sh', 'sz']",2018-12-19,62,计算机,222459663.0,False,2026-05-06,20260401,20260506
585,00412.XHKG,山高控股,SDHG,"['sh', 'sz']",1992-04-15,43,综合金融,219676768.0,False,2026-05-06,20260401,20260506
586,01963.XHKG,重庆银行,BCQ,"['sh', 'sz']",2013-11-06,40,银行,210862827.0,False,2026-05-06,20260401,20260506
587,01958.XHKG,北京汽车,BAIC MOTOR,"['sh', 'sz']",2014-12-19,30,汽车,206347221.0,False,2026-05-06,20260401,20260506
588,00659.XHKG,周大福创建,CTF SERVICES,"['sh', 'sz']",1997-04-25,23,建筑,205754420.0,False,2026-05-06,20260401,20260506
589,00327.XHKG,百富环球,PAX GLOBAL,"['sh', 'sz']",2010-12-20,62,计算机,202480964.0,False,2026-05-06,20260401,20260506
590,01883.XHKG,中信国际电讯,CITIC TELECOM,"['sh', 'sz']",2007-04-03,61,通信,200553270.0,False,2026-05-06,20260401,20260506
591,01541.XHKG,宜明昂科-B,IMMUNEONCO-B,"['sh', 'sz']",2023-09-05,35,医药,198028351.0,False,2026-05-06,20260401,20260506
592,01873.XHKG,维亚生物,VIVA BIOTECH,"['sh', 'sz']",2019-05-09,35,医药,194507040.0,False,2026-05-06,20260401,20260506
593,00855.XHKG,中国水务,CHINA WATER,"['sh', 'sz']",1999-10-11,20,电力及公用事业,190061894.0,False,2026-05-06,20260401,20260506
594,00308.XHKG,香港中旅,CHINA TRAVEL HK,"['sh', 'sz']",1992-11-11,32,消费者服务,186704812.0,False,2026-05-06,20260401,20260506
595,02255.XHKG,海昌海洋公园,HAICHANG HLDG,"['sh', 'sz']",2014-03-13,32,消费者服务,185496225.0,False,2026-05-06,20260401,20260506
596,01115.XHKG,5100藏冰川,5100 XIZANG,['sz'],2011-06-30,36,食品饮料,171416735.0,False,2026-05-06,20260401,20260506
597,09959.XHKG,联易融科技-W,LINKLOGIS-W,"['sh', 'sz']",2021-04-09,62,计算机,171353987.0,False,2026-05-06,20260401,20260506
598,00451.XHKG,协鑫新能源,GCL NEWENERGY,['sz'],1992-03-25,27,电力设备及新能源,169543708.0,False,2026-05-06,20260401,20260506
599,09996.XHKG,沛嘉医疗-B,PEIJIA-B,"['sh', 'sz']",2020-05-15,35,医药,167564538.0,False,2026-05-06,20260401,20260506
600,06808.XHKG,高鑫零售,SUNART RETAIL,"['sh', 'sz']",2011-07-27,31,商贸零售,166968239.0,False,2026-05-06,20260401,20260506
601,00931.XHKG,中国港能,CHINA HK POWER,"['sh', 'sz']",2001-10-24,20,电力及公用事业,164179695.0,False,2026-05-06,20260401,20260506
602,00751.XHKG,创维集团,SKYWORTH GROUP,"['sh', 'sz']",2000-04-07,60,电子,163471889.0,False,2026-05-06,20260401,20260506
603,02121.XHKG,创新奇智,AINNOVATION,"['sh', 'sz']",2022-01-27,62,计算机,162745726.0,False,2026-05-06,20260401,20260506
604,02506.XHKG,讯飞医疗科技,XUNFEIHEALTH,"['sh', 'sz']",2024-12-30,62,计算机,160593345.0,False,2026-05-06,20260401,20260506
605,03868.XHKG,信义能源,XINYI ENERGY,"['sh', 'sz']",2019-05-28,20,电力及公用事业,160474789.0,False,2026-05-06,20260401,20260506
606,09939.XHKG,开拓药业-B,KINTOR PHARMA-B,"['sh', 'sz']",2020-05-22,35,医药,152378967.0,False,2026-05-06,20260401,20260506
607,00440.XHKG,大新金融,DAH SING,"['sh', 'sz']",1987-11-05,40,银行,151814083.0,False,2026-05-06,20260401,20260506
608,01606.XHKG,国银金租,CDB LEASING,['sz'],2016-07-11,41,非银行金融,151630422.0,False,2026-05-06,20260401,20260506
609,01052.XHKG,越秀交通基建,YUEXIUTRANSPORT,"['sh', 'sz']",1997-01-30,50,交通运输,150958381.0,False,2026-05-06,20260401,20260506
610,02218.XHKG,安德利果汁,ANDRE JUICE,"['sh', 'sz']",2011-01-19,36,食品饮料,149681235.0,False,2026-05-06,20260401,20260506
611,01828.XHKG,富卫集团,FWD,"['sh', 'sz']",2025-07-07,41,非银行金融,149101387.0,False,2026-05-06,20260401,20260506
612,00884.XHKG,旭辉控股集团,CIFI HOLD GP,"['sh', 'sz']",2012-11-23,42,房地产,148863481.0,False,2026-05-06,20260401,20260506
613,06993.XHKG,蓝月亮集团,BLUE MOON GROUP,"['sh', 'sz']",2020-12-16,22,基础化工,146446978.0,False,2026-05-06,20260401,20260506
614,00934.XHKG,中石化冠德,SINOPEC KANTONS,"['sh', 'sz']",1999-06-25,10,石油石化,144267743.0,False,2026-05-06,20260401,20260506
615,01709.XHKG,德林控股,DL HOLDINGS GP,"['sh', 'sz']",2017-09-27,34,纺织服装,143682379.0,False,2026-05-06,20260401,20260506
616,03709.XHKG,赢家时尚,EEKA FASHION,"['sh', 'sz']",2014-06-27,34,纺织服装,141404765.0,False,2026-05-06,20260401,20260506
617,01477.XHKG,欧康维视生物-B,OCUMENSION-B,"['sh', 'sz']",2020-07-10,35,医药,140743088.0,False,2026-05-06,20260401,20260506
618,01515.XHKG,华润医疗,CR MEDICAL,"['sh', 'sz']",2013-11-29,35,医药,139855307.0,False,2026-05-06,20260401,20260506
619,03613.XHKG,同仁堂国药,TONGRENTANGCM,"['sh', 'sz']",2018-05-29,35,医药,139667708.0,False,2026-05-06,20260401,20260506
620,01083.XHKG,港华智慧能源,TG SMART ENERGY,"['sh', 'sz']",2005-12-08,20,电力及公用事业,139573365.0,False,2026-05-06,20260401,20260506
621,00341.XHKG,大家乐集团,CAFE DE CORAL H,"['sh', 'sz']",1986-07-16,32,消费者服务,137400037.0,False,2026-05-06,20260401,20260506
622,06196.XHKG,郑州银行,BANKOFZHENGZHOU,"['sh', 'sz']",2015-12-23,40,银行,133944940.0,False,2026-05-06,20260401,20260506
623,00636.XHKG,KLN,KLN,"['sh', 'sz']",2013-12-19,50,交通运输,133493538.0,False,2026-05-06,20260401,20260506
624,02291.XHKG,心泰医疗,SCIENTECH,"['sh', 'sz']",2022-11-08,35,医药,133120629.0,False,2026-05-06,20260401,20260506
625,00345.XHKG,VITASOYINT'L,VITASOY INT'L,"['sh', 'sz']",1994-03-30,36,食品饮料,131519450.0,False,2026-05-06,20260401,20260506
626,02009.XHKG,金隅集团,BBMG,"['sh', 'sz']",2009-07-29,70,综合,131250838.0,False,2026-05-06,20260401,20260506
627,09979.XHKG,绿城管理控股,GREENTOWN MGMT,"['sh', 'sz']",2020-07-10,42,房地产,130334087.0,False,2026-05-06,20260401,20260506
628,09668.XHKG,渤海银行,CBHB,"['sh', 'sz']",2020-07-16,40,银行,124407562.0,False,2026-05-06,20260401,20260506
629,01516.XHKG,融创服务,SUNAC SERVICES,"['sh', 'sz']",2020-11-19,42,房地产,119458969.0,False,2026-05-06,20260401,20260506
630,00604.XHKG,深圳控股,SHENZHEN INVEST,"['sh', 'sz']",1997-03-07,42,房地产,118367910.0,False,2026-05-06,20260401,20260506
631,02469.XHKG,粉笔,FENBI,"['sh', 'sz']",2023-01-09,32,消费者服务,116307367.0,False,2026-05-06,20260401,20260506
632,09922.XHKG,九毛九,JIUMAOJIU,"['sh', 'sz']",2020-01-15,32,消费者服务,113453181.0,False,2026-05-06,20260401,20260506
633,01458.XHKG,周黑鸭,ZHOU HEI YA,"['sh', 'sz']",2016-11-11,36,食品饮料,113114110.0,False,2026-05-06,20260401,20260506
634,00041.XHKG,鹰君,GREAT EAGLE H,"['sh', 'sz']",1972-10-26,32,消费者服务,110984337.0,False,2026-05-06,20260401,20260506
635,01691.XHKG,JS环球生活,JS GLOBAL LIFE,"['sh', 'sz']",2019-12-18,33,家电,110254365.0,False,2026-05-06,20260401,20260506
636,02511.XHKG,君圣泰医药-B,HIGHTIDE-B,"['sh', 'sz']",2023-12-22,35,医药,108850201.0,False,2026-05-06,20260401,20260506
637,00710.XHKG,京东方精电,BOE VARITRONIX,"['sh', 'sz']",1991-07-01,60,电子,108056666.0,False,2026-05-06,20260401,20260506
638,03669.XHKG,永达汽车,YONGDA AUTO,"['sh', 'sz']",2012-07-12,30,汽车,103107727.0,False,2026-05-06,20260401,20260506
639,06978.XHKG,永泰生物-B,IMMUNOTECH-B,['sz'],2020-07-10,35,医药,103060342.0,False,2026-05-06,20260401,20260506
640,03380.XHKG,龙光集团,LOGAN GROUP,"['sh', 'sz']",2013-12-20,42,房地产,99819875.0,False,2026-05-06,20260401,20260506
641,01666.XHKG,同仁堂科技,TONG REN TANG,['sz'],2010-07-09,35,医药,98513874.0,False,2026-05-06,20260401,20260506
642,01349.XHKG,复旦张江,FUDANZHANGJIANG,"['sh', 'sz']",2013-12-16,35,医药,96665805.0,False,2026-05-06,20260401,20260506
643,09658.XHKG,特海国际,SUPER HI,"['sh', 'sz']",2022-12-30,32,消费者服务,90945895.0,False,2026-05-06,20260401,20260506
644,01205.XHKG,中信资源,CITIC RESOURCES,"['sh', 'sz']",1997-09-08,10,石油石化,90410512.0,False,2026-05-06,20260401,20260506
645,01995.XHKG,永升服务,ES SERVICES,"['sh', 'sz']",2018-12-17,42,房地产,89853171.0,False,2026-05-06,20260401,20260506
646,02160.XHKG,微创心通-B,MP CARDIOFLOW-B,"['sh', 'sz']",2021-02-04,35,医药,86920740.0,False,2026-05-06,20260401,20260506
647,01140.XHKG,华科智能投资,HK.AI CAPITAL,['sz'],2003-03-20,43,综合金融,85862544.0,False,2026-05-06,20260401,20260506
648,06826.XHKG,昊海生物科技,HAOHAI BIOTEC,"['sh', 'sz']",2015-04-30,35,医药,85589612.0,False,2026-05-06,20260401,20260506
649,01661.XHKG,中国前沿科技集团,CH FRONTIER TEC,['sz'],2013-07-11,63,传媒,84722433.0,False,2026-05-06,20260401,20260506
650,03319.XHKG,雅生活服务,A-LIVING,"['sh', 'sz']",2018-02-09,42,房地产,83357360.0,False,2026-05-06,20260401,20260506
651,00558.XHKG,力劲科技,LK TECH,"['sh', 'sz']",2006-10-16,26,机械,83296632.0,False,2026-05-06,20260401,20260506
652,02678.XHKG,天虹国际集团,TEXHONG INTL GP,"['sh', 'sz']",2004-12-09,34,纺织服装,82637196.0,False,2026-05-06,20260401,20260506
653,06660.XHKG,艾美疫苗,AIM VACCINE,"['sh', 'sz']",2022-10-06,35,医药,77332242.0,False,2026-05-06,20260401,20260506
654,01053.XHKG,重庆钢铁股份,CHONGQING IRON,"['sh', 'sz']",1997-10-17,21,钢铁,72596520.0,False,2026-05-06,20260401,20260506
655,00321.XHKG,德永佳集团,TEXWINCA HOLD,['sz'],1992-08-06,34,纺织服装,72314571.0,False,2026-05-06,20260401,20260506
656,00215.XHKG,和记电讯香港,HUTCHTEL HK,"['sh', 'sz']",2009-05-08,61,通信,72126212.0,False,2026-05-06,20260401,20260506
657,00719.XHKG,山东新华制药股份,SHANDONG XINHUA,"['sh', 'sz']",1996-12-31,35,医药,71986130.0,False,2026-05-06,20260401,20260506
658,00861.XHKG,神州控股,DC HOLDINGS,"['sh', 'sz']",2001-06-01,62,计算机,69667458.0,False,2026-05-06,20260401,20260506
659,00813.XHKG,世茂集团,SHIMAO GROUP,"['sh', 'sz']",2006-07-05,42,房地产,68479131.0,False,2026-05-06,20260401,20260506
660,01725.XHKG,中国技术集团,C STRATEGIC TEC,"['sh', 'sz']",2018-08-16,60,电子,67764724.0,False,2026-05-06,20260401,20260506
661,09676.XHKG,十月稻田,SHIYUE DAOTIAN,"['sh', 'sz']",2023-10-12,37,农林牧渔,67120657.0,False,2026-05-06,20260401,20260506
662,02126.XHKG,药明巨诺-B,JW THERAP-B,['sz'],2020-11-03,35,医药,66854333.0,False,2026-05-06,20260401,20260506
663,09923.XHKG,移卡,YEAHKA,"['sh', 'sz']",2020-06-01,62,计算机,64538085.0,False,2026-05-06,20260401,20260506
664,02880.XHKG,辽港股份,LIAONING PORT,"['sh', 'sz']",2006-04-28,50,交通运输,62839202.0,False,2026-05-06,20260401,20260506
665,00806.XHKG,惠理集团,VALUE PARTNERS,"['sh', 'sz']",2007-11-22,43,综合金融,57868244.0,False,2026-05-06,20260401,20260506
666,00069.XHKG,香格里拉(亚洲),SHANGRI-LA ASIA,"['sh', 'sz']",1993-06-17,32,消费者服务,57572664.0,False,2026-05-06,20260401,20260506
667,00173.XHKG,嘉华国际,K. WAH INT'L,"['sh', 'sz']",1987-02-06,42,房地产,57562247.0,False,2026-05-06,20260401,20260506
668,06601.XHKG,朝云集团,CHEERWIN GP,['sz'],2021-03-10,22,基础化工,57031204.0,False,2026-05-06,20260401,20260506
669,09886.XHKG,叮当健康,DINGDANG HEALTH,"['sh', 'sz']",2022-09-14,35,医药,56789458.0,False,2026-05-06,20260401,20260506
670,02411.XHKG,百果园集团,PAGODA GP,"['sh', 'sz']",2023-01-16,31,商贸零售,55930363.0,False,2026-05-06,20260401,20260506
671,00279.XHKG,裕承科金,ARTA TECHFIN,['sz'],1988-05-11,43,综合金融,54999931.0,False,2026-05-06,20260401,20260506
672,02402.XHKG,亿华通,SINOHYTEC,"['sh', 'sz']",2023-01-12,27,电力设备及新能源,54487341.0,False,2026-05-06,20260401,20260506
673,03990.XHKG,美的置业,MIDEA REAL EST,"['sh', 'sz']",2018-10-11,42,房地产,53250219.0,False,2026-05-06,20260401,20260506
674,00581.XHKG,中国东方集团,CHINA ORIENTAL,"['sh', 'sz']",2004-03-02,21,钢铁,52828575.0,False,2026-05-06,20260401,20260506
675,01432.XHKG,中国圣牧,CHINA SHENGMU,"['sh', 'sz']",2014-07-15,37,农林牧渔,52432090.0,False,2026-05-06,20260401,20260506
676,01382.XHKG,互太纺织,PACIFICTEXTILES,"['sh', 'sz']",2007-05-18,34,纺织服装,52422505.0,False,2026-05-06,20260401,20260506
677,02298.XHKG,都市丽人,COSMO LADY,"['sh', 'sz']",2014-06-26,34,纺织服装,52412195.0,False,2026-05-06,20260401,20260506
678,06988.XHKG,乐享集团,JOY SPREADER,"['sh', 'sz']",2020-09-23,63,传媒,51030972.0,False,2026-05-06,20260401,20260506
679,01942.XHKG,马可数字科技,MOG DIGITECH,"['sh', 'sz']",2020-04-15,31,商贸零售,50424894.0,False,2026-05-06,20260401,20260506
680,00911.XHKG,前海健康,QIANHAI HEALTH,"['sh', 'sz']",2014-06-27,35,医药,50353620.0,False,2026-05-06,20260401,20260506
681,01065.XHKG,天津创业环保股份,TIANJIN CAPITAL,"['sh', 'sz']",1994-05-17,20,电力及公用事业,49914908.0,False,2026-05-06,20260401,20260506
682,02500.XHKG,启明医疗-B,VENUS MEDTECH-B,"['sh', 'sz']",2019-12-10,35,医药,49659523.0,False,2026-05-06,20260401,20260506
683,03369.XHKG,秦港股份,QHD PORT,"['sh', 'sz']",2013-12-12,50,交通运输,49170291.0,False,2026-05-06,20260401,20260506
684,09878.XHKG,汇通达网络,HUITONGDA NET,"['sh', 'sz']",2022-02-18,31,商贸零售,47461897.0,False,2026-05-06,20260401,20260506
685,01911.XHKG,华兴资本控股,CR HOLDINGS,"['sh', 'sz']",2018-09-27,41,非银行金融,47421654.0,False,2026-05-06,20260401,20260506
686,06610.XHKG,飞天云动,FLOWING CLOUD,"['sh', 'sz']",2022-10-18,63,传媒,46629192.0,False,2026-05-06,20260401,20260506
687,03329.XHKG,交银国际,BOCOM INTL,['sz'],2017-05-19,41,非银行金融,45320221.0,False,2026-05-06,20260401,20260506
688,00272.XHKG,瑞安房地产,SHUI ON LAND,"['sh', 'sz']",2006-10-04,42,房地产,44397252.0,False,2026-05-06,20260401,20260506
689,09860.XHKG,艾迪康控股,ADICON HOLDINGS,"['sh', 'sz']",2023-06-30,35,医药,43553117.0,False,2026-05-06,20260401,20260506
690,01812.XHKG,晨鸣纸业,CHENMING PAPER,"['sh', 'sz']",2008-06-18,25,轻工制造,42672865.0,False,2026-05-06,20260401,20260506
691,09990.XHKG,祖龙娱乐,ARCHOSAUR GAMES,"['sh', 'sz']",2020-07-15,63,传媒,42392074.0,False,2026-05-06,20260401,20260506
692,02137.XHKG,腾盛博药-B,BRII-B,"['sh', 'sz']",2021-07-13,35,医药,42250045.0,False,2026-05-06,20260401,20260506
693,03650.XHKG,KEEP,KEEP,"['sh', 'sz']",2023-07-12,63,传媒,42019135.0,False,2026-05-06,20260401,20260506
694,01234.XHKG,中国利郎,CHINA LILANG,"['sh', 'sz']",2009-09-25,34,纺织服装,41801627.0,False,2026-05-06,20260401,20260506
695,01600.XHKG,天伦燃气,TIAN LUN GAS,"['sh', 'sz']",2010-11-10,20,电力及公用事业,41532678.0,False,2026-05-06,20260401,20260506
696,02001.XHKG,新高教集团,NEW HIGHER EDU,['sz'],2017-04-19,32,消费者服务,40470273.0,False,2026-05-06,20260401,20260506
697,06169.XHKG,宇华教育,YUHUA EDU,"['sh', 'sz']",2017-02-28,32,消费者服务,40068760.0,False,2026-05-06,20260401,20260506
698,01028.XHKG,千百度,C.BANNER,['sz'],2011-09-23,34,纺织服装,39336130.0,False,2026-05-06,20260401,20260506
699,02150.XHKG,奈雪的茶,NAYUKI,"['sh', 'sz']",2021-06-30,32,消费者服务,39163956.0,False,2026-05-06,20260401,20260506
700,00775.XHKG,长江生命科技,CKLIFE SCIENCES,"['sh', 'sz']",2008-09-08,35,医药,39105592.0,False,2026-05-06,20260401,20260506
701,00895.XHKG,东江环保,DONGJIANG ENV,"['sh', 'sz']",2010-09-28,20,电力及公用事业,38867879.0,False,2026-05-06,20260401,20260506
702,09989.XHKG,海普瑞,HEPALINK,"['sh', 'sz']",2020-07-08,35,医药,38839367.0,False,2026-05-06,20260401,20260506
703,02550.XHKG,宜搜科技,EASOU TECH,"['sh', 'sz']",2024-06-07,63,传媒,38635585.0,False,2026-05-06,20260401,20260506
704,01638.XHKG,佳兆业集团,KAISA GROUP,"['sh', 'sz']",2009-12-09,42,房地产,38503666.0,False,2026-05-06,20260401,20260506
705,03836.XHKG,和谐汽车,HARMONY AUTO,['sz'],2013-06-13,30,汽车,38109779.0,False,2026-05-06,20260401,20260506
706,00933.XHKG,非凡领越,VIVA GOODS,"['sh', 'sz']",2023-06-27,34,纺织服装,36704560.0,False,2026-05-06,20260401,20260506
707,00315.XHKG,数码通电讯,SMARTONE TELE,"['sh', 'sz']",1996-10-31,61,通信,36598337.0,False,2026-05-06,20260401,20260506
708,00732.XHKG,信利国际,TRULY INT'L,"['sh', 'sz']",1991-07-29,60,电子,36490196.0,False,2026-05-06,20260401,20260506
709,06100.XHKG,同道猎聘,TONGDAO LIEPIN,"['sh', 'sz']",2018-06-29,32,消费者服务,36122779.0,False,2026-05-06,20260401,20260506
710,01905.XHKG,海通恒信,HAITONG UT,['sz'],2019-06-03,41,非银行金融,35447420.0,False,2026-05-06,20260401,20260506
711,01086.XHKG,好孩子国际,GOODBABY INTL,['sz'],2010-11-24,25,轻工制造,35103674.0,False,2026-05-06,20260401,20260506
712,00314.XHKG,思派健康,SIPAI HEALTH,"['sh', 'sz']",2022-12-23,35,医药,33412922.0,False,2026-05-06,20260401,20260506
713,02051.XHKG,VALA,VALA,['sz'],2018-07-13,43,综合金融,32581605.0,False,2026-05-06,20260401,20260506
714,06086.XHKG,方舟健客,FANGZHOU JIANKE,"['sh', 'sz']",2024-07-09,62,计算机,32302341.0,False,2026-05-06,20260401,20260506
715,03377.XHKG,远洋集团,SINO-OCEAN GP,"['sh', 'sz']",2007-09-28,42,房地产,32241053.0,False,2026-05-06,20260401,20260506
716,01341.XHKG,昊天国际建投,HAO TIAN INTL,"['sh', 'sz']",2015-12-10,41,非银行金融,32015192.0,False,2026-05-06,20260401,20260506
717,02111.XHKG,超盈国际控股,BEST PACIFIC,['sz'],2014-05-23,34,纺织服装,31088130.0,False,2026-05-06,20260401,20260506
718,00086.XHKG,新鸿基公司,SUN HUNG KAI CO,"['sh', 'sz']",1983-10-03,43,综合金融,30761894.0,False,2026-05-06,20260401,20260506
719,01274.XHKG,知行科技,IMOTIONTECH,"['sh', 'sz']",2023-12-20,30,汽车,30206740.0,False,2026-05-06,20260401,20260506
720,01890.XHKG,中国科培,CHINA KEPEI,"['sh', 'sz']",2019-01-25,32,消费者服务,29764694.0,False,2026-05-06,20260401,20260506
721,09877.XHKG,健世科技-B,JENSCARE-B,"['sh', 'sz']",2022-10-10,35,医药,29496185.0,False,2026-05-06,20260401,20260506
722,01119.XHKG,创梦天地,IDREAMSKY,"['sh', 'sz']",2018-12-06,63,传媒,28871447.0,False,2026-05-06,20260401,20260506
723,02777.XHKG,富力地产,R&F PROPERTIES,"['sh', 'sz']",2005-07-14,42,房地产,28196754.0,False,2026-05-06,20260401,20260506
724,01848.XHKG,中国飞机租赁,CALC,['sz'],2014-07-11,41,非银行金融,28030669.0,False,2026-05-06,20260401,20260506
725,03382.XHKG,天津港发展,TIANJINPORT DEV,['sz'],2006-05-24,50,交通运输,27554742.0,False,2026-05-06,20260401,20260506
726,02257.XHKG,圣诺医药-B,SIRNAOMICS-B,"['sh', 'sz']",2021-12-30,35,医药,27156467.0,False,2026-05-06,20260401,20260506
727,00816.XHKG,金茂服务,JINMAO SERVICES,['sz'],2022-03-10,42,房地产,26754043.0,False,2026-05-06,20260401,20260506
728,02443.XHKG,汽车街,AUTOSTREETS,"['sh', 'sz']",2024-05-31,30,汽车,26736032.0,False,2026-05-06,20260401,20260506
729,00511.XHKG,电视广播,TVB,"['sh', 'sz']",1988-11-23,63,传媒,26585092.0,False,2026-05-06,20260401,20260506
730,00743.XHKG,亚洲水泥(中国),ASIA CEMENT CH,"['sh', 'sz']",2008-05-20,24,建材,26025829.0,False,2026-05-06,20260401,20260506
731,09869.XHKG,海伦司,HELENS,"['sh', 'sz']",2021-09-10,32,消费者服务,25276178.0,False,2026-05-06,20260401,20260506
732,09669.XHKG,北森控股,BEISEN HOLDING,"['sh', 'sz']",2023-04-13,62,计算机,25243501.0,False,2026-05-06,20260401,20260506
733,01769.XHKG,思考乐教育,SCHOLAR EDU,['sz'],2019-06-21,32,消费者服务,22315620.0,False,2026-05-06,20260401,20260506
734,03818.XHKG,中国动向,CHINA DONGXIANG,['sz'],2007-10-10,34,纺织服装,22146157.0,False,2026-05-06,20260401,20260506
735,01268.XHKG,美东汽车,MEIDONG AUTO,"['sh', 'sz']",2013-12-05,30,汽车,21913661.0,False,2026-05-06,20260401,20260506
736,02487.XHKG,科笛-B,CUTIA-B,"['sh', 'sz']",2023-06-12,35,医药,21481276.0,False,2026-05-06,20260401,20260506
737,01765.XHKG,希教国际控股,XJ INTL HLDGS,"['sh', 'sz']",2018-08-03,32,消费者服务,21172207.0,False,2026-05-06,20260401,20260506
738,00709.XHKG,佐丹奴国际,GIORDANO INT'L,['sz'],1991-06-19,31,商贸零售,20682176.0,False,2026-05-06,20260401,20260506
739,02453.XHKG,美中嘉和,CONCORD HC GP,"['sh', 'sz']",2024-01-09,35,医药,20552770.0,False,2026-05-06,20260401,20260506
740,02429.XHKG,友宝在线,UBOX ONLINE,"['sh', 'sz']",2023-11-03,31,商贸零售,19557016.0,False,2026-05-06,20260401,20260506
741,00302.XHKG,中手游,CMGE,"['sh', 'sz']",2019-10-31,63,传媒,19250592.0,False,2026-05-06,20260401,20260506
742,03389.XHKG,亨得利,HENGDELI,['sh'],2005-09-26,31,商贸零售,18803943.0,False,2026-05-06,20260401,20260506
743,01969.XHKG,中国春来,CHINA CHUNLAI,"['sh', 'sz']",2018-09-13,32,消费者服务,18762506.0,False,2026-05-06,20260401,20260506
744,01685.XHKG,博耳电力,BOER POWER,['sz'],2010-10-20,62,计算机,17842085.0,False,2026-05-06,20260401,20260506
745,00950.XHKG,李氏大药厂,LEE'S PHARM,['sz'],2010-05-14,35,医药,17495195.0,False,2026-05-06,20260401,20260506
746,06828.XHKG,北京燃气蓝天,BG BLUE SKY,['sz'],2011-07-12,20,电力及公用事业,16964676.0,False,2026-05-06,20260401,20260506
747,02279.XHKG,雍禾医疗,YONGHE MEDICAL,"['sh', 'sz']",2021-12-13,35,医药,16685385.0,False,2026-05-06,20260401,20260506
748,01137.XHKG,香港科技探索,HK TECH VENTURE,"['sh', 'sz']",1997-08-04,63,传媒,15696042.0,False,2026-05-06,20260401,20260506
749,01475.XHKG,日清食品,NISSIN FOODS,"['sh', 'sz']",2017-12-11,36,食品饮料,14925098.0,False,2026-05-06,20260401,20260506
750,00042.XHKG,东北电气,NE ELECTRIC,['sz'],1995-07-06,27,电力设备及新能源,14750270.0,False,2026-05-06,20260401,20260506
751,02169.XHKG,沧港铁路,CANGGANGRAILWAY,"['sh', 'sz']",2020-10-23,50,交通运输,14184700.0,False,2026-05-06,20260401,20260506
752,01980.XHKG,天鸽互动,TIANGE,['sz'],2014-07-09,63,传媒,13151670.0,False,2026-05-06,20260401,20260506
753,00095.XHKG,绿景中国地产,LVGEM CHINA,"['sh', 'sz']",2005-12-02,42,房地产,12966148.0,False,2026-05-06,20260401,20260506
754,06989.XHKG,卓越商企服务,EXCELLENCE CM,"['sh', 'sz']",2020-10-19,42,房地产,12767745.0,False,2026-05-06,20260401,20260506
755,01578.XHKG,天津银行,BANK OF TIANJIN,['sh'],2016-03-30,40,银行,12699405.0,False,2026-05-06,20260401,20260506
756,00535.XHKG,金地商置,GEMDALE PPT,"['sh', 'sz']",1989-10-16,42,房地产,12146859.0,False,2026-05-06,20260401,20260506
757,00045.XHKG,大酒店,HK&S HOTELS,"['sh', 'sz']",1921-01-01,32,消费者服务,12018255.0,False,2026-05-06,20260401,20260506
758,00242.XHKG,信德集团,SHUN TAK HOLD,"['sh', 'sz']",1973-01-25,43,综合金融,11745604.0,False,2026-05-06,20260401,20260506
759,00873.XHKG,世茂服务,SHIMAO SERVICES,"['sh', 'sz']",2020-10-30,42,房地产,11690657.0,False,2026-05-06,20260401,20260506
760,00410.XHKG,SOHO中国,SOHO CHINA,"['sh', 'sz']",2007-10-08,42,房地产,11317410.0,False,2026-05-06,20260401,20260506
761,03383.XHKG,雅居乐集团,AGILE GROUP,"['sh', 'sz']",2005-12-15,42,房地产,11191462.0,False,2026-05-06,20260401,20260506
762,00488.XHKG,丽新发展,LAI SUN DEV,['sz'],1988-03-11,42,房地产,10961574.0,False,2026-05-06,20260401,20260506
763,02199.XHKG,维珍妮,REGINA MIRACLE,"['sh', 'sz']",2015-10-08,34,纺织服装,10759630.0,False,2026-05-06,20260401,20260506
764,01981.XHKG,华夏控股,CATHAY GP HLDGS,['sz'],2020-07-15,32,消费者服务,10438520.0,False,2026-05-06,20260401,20260506
765,02798.XHKG,久泰邦达能源,PER ENERGY,['sz'],2018-12-12,11,煤炭,9932929.0,False,2026-05-06,20260401,20260506
766,00035.XHKG,远东发展,FE CONSORT INTL,['sz'],1972-09-21,42,房地产,9810313.0,False,2026-05-06,20260401,20260506
767,00493.XHKG,国美零售,GOME RETAIL,"['sh', 'sz']",1992-04-15,31,商贸零售,9724328.0,False,2026-05-06,20260401,20260506
768,02369.XHKG,酷派集团,COOLPAD GROUP,['sz'],2004-12-09,60,电子,9639143.0,False,2026-05-06,20260401,20260506
769,01628.XHKG,禹洲集团,YUZHOU GROUP,"['sh', 'sz']",2009-11-02,42,房地产,9619558.0,False,2026-05-06,20260401,20260506
770,00520.XHKG,呷哺呷哺,XIABUXIABU,"['sh', 'sz']",2014-12-17,32,消费者服务,9591901.0,False,2026-05-06,20260401,20260506
771,02246.XHKG,快狗打车,GOGOX,['sz'],2022-06-24,50,交通运输,9391701.0,False,2026-05-06,20260401,20260506
772,02407.XHKG,高视医疗,GAUSH MEDITECH,"['sh', 'sz']",2022-12-12,35,医药,9186412.0,False,2026-05-06,20260401,20260506
773,00737.XHKG,湾区发展,BAY AREA DEV,"['sh', 'sz']",2003-08-06,50,交通运输,8758619.0,False,2026-05-06,20260401,20260506
774,02003.XHKG,维信金科,VCREDIT,['sz'],2018-06-21,43,综合金融,8493672.0,False,2026-05-06,20260401,20260506
775,01717.XHKG,澳优,AUSNUTRIA,"['sh', 'sz']",2009-10-08,36,食品饮料,8354330.0,False,2026-05-06,20260401,20260506
776,01468.XHKG,嘉高达资本,JAKOTA CAPITAL,"['sh', 'sz']",2015-03-20,70,综合,8179149.0,False,2026-05-06,20260401,20260506
777,00256.XHKG,冠城钟表珠宝,CITYCHAMP,"['sh', 'sz']",1991-12-10,31,商贸零售,7911034.0,False,2026-05-06,20260401,20260506
778,03309.XHKG,希玛医疗,C-MER MEDICAL,"['sh', 'sz']",2018-01-15,35,医药,7703116.0,False,2026-05-06,20260401,20260506
779,01244.XHKG,思路迪医药股份,3D MEDICINES,"['sh', 'sz']",2022-12-15,35,医药,7187675.0,False,2026-05-06,20260401,20260506
780,00563.XHKG,上实城市开发,SH IND URBAN,['sz'],1993-09-10,42,房地产,7052204.0,False,2026-05-06,20260401,20260506
781,00686.XHKG,北京能源国际,BJ ENERGY INTL,['sz'],2000-04-13,27,电力设备及新能源,6986844.0,False,2026-05-06,20260401,20260506
782,00245.XHKG,中薇金融,CHINA VERED FIN,"['sh', 'sz']",1972-08-25,43,综合金融,6938685.0,False,2026-05-06,20260401,20260506
783,09909.XHKG,宝龙商业,POWERLONG CM,"['sh', 'sz']",2019-12-30,42,房地产,6743962.0,False,2026-05-06,20260401,20260506
784,03886.XHKG,康健国际医疗,TOWN HEALTH,"['sh', 'sz']",2008-08-12,35,医药,6654146.0,False,2026-05-06,20260401,20260506
785,01855.XHKG,中庆股份,ZONQING LTD,"['sh', 'sz']",2021-01-06,23,建筑,6636845.0,False,2026-05-06,20260401,20260506
786,00587.XHKG,海螺环保,CONCH ENVIRO,"['sh', 'sz']",2022-03-30,20,电力及公用事业,6499882.0,False,2026-05-06,20260401,20260506
787,02772.XHKG,中梁控股,ZHONGLIANG HLDG,"['sh', 'sz']",2019-07-16,42,房地产,6483562.0,True,2026-05-06,20260401,20260506
788,03813.XHKG,宝胜国际,POU SHENG INT'L,['sz'],2008-06-06,34,纺织服装,6429305.0,False,2026-05-06,20260401,20260506
789,01250.XHKG,山高新能源,SDHS NEW ENERGY,"['sh', 'sz']",2013-07-05,20,电力及公用事业,5451750.0,False,2026-05-06,20260401,20260506
790,01317.XHKG,枫叶教育,MAPLELEAF EDU,['sz'],2014-11-28,32,消费者服务,5434856.0,False,2026-05-06,20260401,20260506
791,02098.XHKG,卓尔智联,ZALL SMARTCOM,['sh'],2011-07-13,42,房地产,5148649.0,False,2026-05-06,20260401,20260506
792,01916.XHKG,江西银行,JIANGXI BANK,['sz'],2018-06-26,40,银行,5120549.0,False,2026-05-06,20260401,20260506
793,00698.XHKG,通达集团,TONGDA GROUP,"['sh', 'sz']",2000-12-22,60,电子,5055266.0,False,2026-05-06,20260401,20260506
794,00978.XHKG,招商局置地,CHI MER LAND,['sz'],1997-10-16,42,房地产,4822122.0,False,2026-05-06,20260401,20260506
795,00337.XHKG,绿地香港,GREENLAND HK,['sz'],2006-10-10,42,房地产,4660044.0,False,2026-05-06,20260401,20260506
796,00078.XHKG,REGALINT'L,REGAL INT'L,['sz'],1980-11-03,32,消费者服务,4650316.0,False,2026-05-06,20260401,20260506
797,00829.XHKG,神冠控股,SHENGUAN HLDGS,['sh'],2009-10-13,36,食品饮料,4621880.0,False,2026-05-06,20260401,20260506
798,01121.XHKG,金阳新能源,GOLDENSOLAR,"['sh', 'sz']",2011-01-28,34,纺织服装,4542632.0,False,2026-05-06,20260401,20260506
799,00419.XHKG,弘毅文化集团,HONY MEDIA,['sz'],1987-07-08,35,医药,4481041.0,False,2026-05-06,20260401,20260506
800,01970.XHKG,IMAXCHINA,IMAX CHINA,"['sh', 'sz']",2015-10-08,63,传媒,4391595.0,False,2026-05-06,20260401,20260506
801,03883.XHKG,中国奥园,CHINA AOYUAN,"['sh', 'sz']",2007-10-09,42,房地产,4375402.0,False,2026-05-06,20260401,20260506
802,01257.XHKG,中国光大绿色环保,CEB GREENTECH,['sz'],2017-05-08,20,电力及公用事业,4373354.0,False,2026-05-06,20260401,20260506
803,06929.XHKG,业聚医疗,ORBUSNEICH,"['sh', 'sz']",2022-12-23,35,医药,4313970.0,False,2026-05-06,20260401,20260506
804,00127.XHKG,华人置业,CHINESE EST H,"['sh', 'sz']",1921-01-01,42,房地产,4293265.0,False,2026-05-06,20260401,20260506
805,09928.XHKG,时代邻里,TIMES NEIGHBOR,['sz'],2019-12-19,42,房地产,4167873.0,False,2026-05-06,20260401,20260506
806,00721.XHKG,中国金融国际,C FIN INT INV,['sz'],2001-06-08,43,综合金融,3885050.0,False,2026-05-06,20260401,20260506
807,00508.XHKG,鼎亿集团投资,DINGYI GP INV,['sz'],1988-10-26,70,综合,3842846.0,False,2026-05-06,20260401,20260506
808,09983.XHKG,建业新生活,CC NEW LIFE,"['sh', 'sz']",2020-05-15,42,房地产,3768080.0,False,2026-05-06,20260401,20260506
809,00368.XHKG,德合集团,SUPERLAND GROUP,['sz'],2020-07-17,23,建筑,3766160.0,False,2026-05-06,20260401,20260506
810,00480.XHKG,香港兴业国际,HKR INT'L,['sz'],1988-03-11,42,房地产,3575292.0,False,2026-05-06,20260401,20260506
811,09955.XHKG,智云健康,CLOUDR,"['sh', 'sz']",2022-07-06,35,医药,3341162.0,False,2026-05-06,20260401,20260506
812,03913.XHKG,合景悠活,KWG LIVING,"['sh', 'sz']",2020-10-30,42,房地产,3300898.0,False,2026-05-06,20260401,20260506
813,00606.XHKG,中骏商管,SCE CM,"['sh', 'sz']",2021-07-02,42,房地产,3212780.0,False,2026-05-06,20260401,20260506
814,02138.XHKG,医思健康,EC HEALTHCARE,"['sh', 'sz']",2016-03-11,35,医药,3173237.0,False,2026-05-06,20260401,20260506
815,09930.XHKG,宏信建发,HORIZON CD,"['sh', 'sz']",2023-05-25,26,机械,3138264.0,False,2026-05-06,20260401,20260506
816,06199.XHKG,贵州银行,BANK OF GUIZHOU,['sh'],2019-12-30,40,银行,3125060.0,False,2026-05-06,20260401,20260506
817,09968.XHKG,汇景控股,HUIJING HLDGS,['sz'],2020-01-16,42,房地产,2965882.0,False,2026-05-06,20260401,20260506
818,00330.XHKG,思捷环球,ESPRIT HOLDINGS,"['sh', 'sz']",1993-12-09,31,商贸零售,2911774.0,False,2026-05-06,20260401,20260506
819,01233.XHKG,时代中国控股,TIMES CHINA,"['sh', 'sz']",2013-12-11,42,房地产,2895924.0,False,2026-05-06,20260401,20260506
820,00439.XHKG,瀚源控股,GENESIS SCALE,"['sh', 'sz']",1992-03-11,62,计算机,2677187.0,False,2026-05-06,20260401,20260506
821,01909.XHKG,火岩控股,FIRE ROCK,['sz'],2019-06-27,63,传媒,2649711.0,False,2026-05-06,20260401,20260506
822,01521.XHKG,方达控股,FRONTAGE,"['sh', 'sz']",2019-05-30,35,医药,2544923.0,False,2026-05-06,20260401,20260506
823,02008.XHKG,凤凰卫视,PHOENIX TV,['sh'],2008-12-05,63,传媒,2499900.0,False,2026-05-06,20260401,20260506
824,01966.XHKG,中骏集团控股,CHINA SCE GROUP,"['sh', 'sz']",2010-02-05,42,房地产,2489633.0,False,2026-05-06,20260401,20260506
825,00582.XHKG,神话世界,SHIN HWA WORLD,"['sh', 'sz']",2002-04-30,32,消费者服务,2422048.0,False,2026-05-06,20260401,20260506
826,01238.XHKG,宝龙地产,POWERLONG,"['sh', 'sz']",2009-10-14,42,房地产,2362340.0,False,2026-05-06,20260401,20260506
827,01282.XHKG,中泽丰,RENZE HARVEST,"['sh', 'sz']",2010-12-15,43,综合金融,2265001.0,False,2026-05-06,20260401,20260506
828,01813.XHKG,合景泰富集团,KWG GROUP,"['sh', 'sz']",2007-07-03,42,房地产,2228955.0,False,2026-05-06,20260401,20260506
829,00860.XHKG,APOLLO出行,APOLLO FMG,['sz'],2002-09-03,31,商贸零售,2046239.0,False,2026-05-06,20260401,20260506
830,01269.XHKG,首控集团,FIRST CAP GP,"['sh', 'sz']",2011-11-23,30,汽车,2042947.0,False,2026-05-06,20260401,20260506
831,03301.XHKG,融信中国,RONSHINECHINA,"['sh', 'sz']",2016-01-13,42,房地产,2038343.0,False,2026-05-06,20260401,20260506
832,00547.XHKG,数字王国,DIGITAL DOMAIN,['sz'],1992-07-06,63,传媒,1995588.0,False,2026-05-06,20260401,20260506
833,06698.XHKG,星空华文,STAR CM,"['sh', 'sz']",2022-12-29,63,传媒,1850576.0,False,2026-05-06,20260401,20260506
834,00295.XHKG,江山控股,KONG SUN HOLD,['sz'],1970-11-28,20,电力及公用事业,1848700.0,False,2026-05-06,20260401,20260506
835,01622.XHKG,力高集团,REDCO GROUP,"['sh', 'sz']",2014-01-30,42,房地产,1776817.0,False,2026-05-06,20260401,20260506
836,01111.XHKG,华视集团控股,HUASHI GROUP,['sh'],2023-11-10,63,传媒,1743664.0,False,2026-05-06,20260401,20260506
837,09857.XHKG,柠萌影视,LINMON MEDIA,"['sh', 'sz']",2022-08-10,63,传媒,1723391.0,False,2026-05-06,20260401,20260506
838,00687.XHKG,泰升集团,TYSAN HOLDINGS,['sz'],1991-03-26,23,建筑,1699820.0,False,2026-05-06,20260401,20260506
839,06158.XHKG,正荣地产,ZHENRO PPT,"['sh', 'sz']",2018-01-16,42,房地产,1580358.0,False,2026-05-06,20260401,20260506
840,01777.XHKG,花样年控股,FANTASIA,['sz'],2009-11-25,42,房地产,1497457.0,False,2026-05-06,20260401,20260506
841,01569.XHKG,民生教育,MINSHENG EDU,['sz'],2017-03-22,32,消费者服务,1402168.0,False,2026-05-06,20260401,20260506
842,01068.XHKG,雨润食品,YURUN FOOD,['sh'],2005-10-03,36,食品饮料,1330078.0,False,2026-05-06,20260401,20260506
843,02168.XHKG,佳兆业美好,KAISA PROSPER,"['sh', 'sz']",2018-12-06,42,房地产,1137060.0,False,2026-05-06,20260401,20260506
844,01563.XHKG,友联国际教育租赁,ALLI INTL ED LE,"['sh', 'sz']",2019-03-15,41,非银行金融,1126869.0,False,2026-05-06,20260401,20260506
845,02415.XHKG,梅斯健康,MEDSCI,"['sh', 'sz']",2023-04-27,35,医药,1123256.0,False,2026-05-06,20260401,20260506
846,06968.XHKG,港龙中国地产,GANGLONG CHINA,"['sh', 'sz']",2020-07-15,42,房地产,1111461.0,False,2026-05-06,20260401,20260506
847,02329.XHKG,国瑞健康,GLORY HEALTH,"['sh', 'sz']",2014-07-07,42,房地产,1107126.0,False,2026-05-06,20260401,20260506
848,00163.XHKG,英皇国际,EMPEROR INT'L,['sz'],1972-11-14,42,房地产,1068412.0,False,2026-05-06,20260401,20260506
849,00120.XHKG,COSMOPOLINT'L,COSMOPOL INT'L,"['sh', 'sz']",1989-11-01,42,房地产,1028842.0,False,2026-05-06,20260401,20260506
850,00691.XHKG,山水水泥,SHANSHUI CEMENT,"['sh', 'sz']",2008-07-04,24,建材,1003340.0,False,2026-05-06,20260401,20260506
851,01778.XHKG,彩生活,COLOUR LIFE,['sz'],2014-06-30,42,房地产,976850.0,False,2026-05-06,20260401,20260506
852,03699.XHKG,光大永年,EB GRAND CHINA,['sh'],2018-01-16,42,房地产,962870.0,False,2026-05-06,20260401,20260506
853,01098.XHKG,路劲,ROAD KING INFRA,['sz'],1996-07-04,42,房地产,922700.0,False,2026-05-06,20260401,20260506
854,03368.XHKG,百盛集团,PARKSON GROUP,['sh'],2005-11-30,31,商贸零售,829549.0,False,2026-05-06,20260401,20260506
855,06068.XHKG,光正教育,WISDOM EDU INTL,['sz'],2017-01-26,32,消费者服务,615614.0,False,2026-05-06,20260401,20260506
856,00832.XHKG,建业地产,CENTRAL CHINA,['sz'],2008-06-06,42,房地产,554856.0,False,2026-05-06,20260401,20260506
857,01680.XHKG,澳门励骏,MACAU LEGEND,"['sh', 'sz']",2013-07-05,32,消费者服务,475084.0,False,2026-05-06,20260401,20260506
858,02048.XHKG,易居企业控股,E-HOUSE ENT,"['sh', 'sz']",2018-07-20,42,房地产,376129.0,False,2026-05-06,20260401,20260506
859,01551.XHKG,广州农商银行,GRCB,['sz'],2017-06-20,40,银行,367680.0,False,2026-05-06,20260401,20260506
860,00496.XHKG,卡森国际,KASEN,['sz'],2005-10-20,42,房地产,264370.0,False,2026-05-06,20260401,20260506
861,00846.XHKG,明发集团,MINGFA GROUP,['sh'],2009-11-13,42,房地产,243525.0,False,2026-05-06,20260401,20260506
862,01315.XHKG,绿色经济,GREEN ECONOMY,"['sh', 'sz']",2012-01-18,23,建筑,226161.0,False,2026-05-06,20260401,20260506
863,00989.XHKG,中国长白山国际,CHINA CBS INTL,['sz'],1997-10-20,42,房地产,196730.0,False,2026-05-06,20260401,20260506
864,00185.XHKG,正商实业,ZENSUN ENT,"['sh', 'sz']",1972-12-20,42,房地产,195468.0,False,2026-05-06,20260401,20260506
865,01608.XHKG,伟能集团,VPOWER GROUP,['sz'],2016-11-24,27,电力设备及新能源,143627.0,False,2026-05-06,20260401,20260506
866,02326.XHKG,新源万恒控股,NPE HOLDINGS,"['sh', 'sz']",2003-03-03,31,商贸零售,75000.0,False,2026-05-06,20260401,20260506
867,00718.XHKG,太和控股,TAI UNITED HOLD,['sz'],1995-10-02,31,商贸零售,66785.0,False,2026-05-06,20260401,20260506
868,01996.XHKG,弘阳地产,RSUN PPT,"['sh', 'sz']",2018-07-12,42,房地产,45624.0,False,2026-05-06,20260401,20260506
869,01817.XHKG,慕尚集团控股,MULSANNE GROUP,['sz'],2019-05-27,34,纺织服装,40804.0,False,2026-05-06,20260401,20260506
870,01253.XHKG,绿博生态,GREEN BROAD,['sz'],2014-07-21,23,建筑,10060.0,False,2026-05-06,20260401,20260506
871,00059.XHKG,天誉置业,SKYFAME REALTY,['sz'],1993-11-16,42,房地产,0.0,False,2026-05-06,20260401,20260506
872,00468.XHKG,纷美包装,GAPACK,['sz'],2010-12-09,25,轻工制造,0.0,False,2026-05-06,20260401,20260506
873,00607.XHKG,丰盛控股,FULLSHARE,"['sh', 'sz']",2002-12-18,27,电力设备及新能源,0.0,False,2026-05-06,20260401,20260506
874,00612.XHKG,嘉文世纪投资公司,CARMEN CENTURY,"['sh', 'sz']",2002-01-02,43,综合金融,0.0,False,2026-05-06,20260401,20260506
875,00658.XHKG,中国高速传动,C TRANSMISSION,"['sh', 'sz']",2007-07-04,27,电力设备及新能源,0.0,False,2026-05-06,20260401,20260506
876,00754.XHKG,合生创展集团,HOPSON DEV HOLD,"['sh', 'sz']",1998-05-27,42,房地产,0.0,False,2026-05-06,20260401,20260506
877,00845.XHKG,恒盛地产,GLORIOUS PPT H,['sz'],2009-10-02,42,房地产,0.0,False,2026-05-06,20260401,20260506
878,00976.XHKG,齐合环保,CHIHO ENV,['sz'],2010-07-12,20,电力及公用事业,0.0,False,2026-05-06,20260401,20260506
879,01165.XHKG,顺风清洁能源,SFCE,['sh'],2011-07-13,27,电力设备及新能源,0.0,False,2026-05-06,20260401,20260506
880,01176.XHKG,珠光控股,ZHUGUANG HOLD,"['sh', 'sz']",1996-12-09,42,房地产,0.0,False,2026-05-06,20260401,20260506
881,01188.XHKG,正道集团,HYBRID KINETIC,['sz'],1995-04-06,27,电力设备及新能源,0.0,False,2026-05-06,20260401,20260506
882,01293.XHKG,广汇宝信,GRAND BAOXIN,"['sh', 'sz']",2011-12-14,30,汽车,0.0,False,2026-05-06,20260401,20260506
883,01448.XHKG,福寿园,FU SHOU YUAN,"['sh', 'sz']",2013-12-19,32,消费者服务,0.0,False,2026-05-06,20260401,20260506
884,01636.XHKG,中国金属利用,CMRU,['sz'],2014-02-21,12,有色金属,0.0,False,2026-05-06,20260401,20260506
885,01668.XHKG,华南城,CHINASOUTHCITY,"['sh', 'sz']",2009-09-30,50,交通运输,0.0,False,2026-05-06,20260401,20260506
886,01728.XHKG,正通汽车,ZHENGTONGAUTO,"['sh', 'sz']",2010-12-10,30,汽车,0.0,False,2026-05-06,20260401,20260506
887,01755.XHKG,新城悦服务,S-ENJOY SERVICE,"['sh', 'sz']",2018-11-06,42,房地产,0.0,False,2026-05-06,20260401,20260506
888,02280.XHKG,慧聪集团,HC GROUP,['sz'],2014-10-10,31,商贸零售,0.0,False,2026-05-06,20260401,20260506
889,02362.XHKG,金川国际,JINCHUAN INTL,"['sh', 'sz']",2003-10-27,31,商贸零售,0.0,False,2026-05-06,20260401,20260506
890,02627.XHKG,中慧生物-B,AB&B BIO-TECH-B,"['sh', 'sz']",2025-08-11,35,医药,0.0,False,2026-05-06,20260401,20260506
891,02629.XHKG,MIRXES-B,MIRXES-B,"['sh', 'sz']",2025-05-23,35,医药,0.0,False,2026-05-06,20260401,20260506
892,06623.XHKG,陆控,LUFAX,"['sh', 'sz']",2023-04-14,43,综合金融,0.0,False,2026-05-06,20260401,20260506
893,06639.XHKG,瑞尔集团,ARRAIL GROUP,"['sh', 'sz']",2022-03-22,35,医药,0.0,False,2026-05-06,20260401,20260506
894,06878.XHKG,鼎丰集团汽车,DIFFER GP AUTO,"['sh', 'sz']",2015-07-06,43,综合金融,0.0,False,2026-05-06,20260401,20260506
